,pH_avg_chpctm,Turbidity_avg_chpctm,Color_avg_chpctm,Iron_avg_chpctm,Ammonia_avg_chpctm,Manganese_avg_chpctm,Disinfectant_chpctm,Flouridation_chpctm,Coagulant_chpctm,pH Adjuster_chpctm,Date,wtp,pH_avg,Turbidity_avg,Color_avg,Iron_avg,Ammonia_avg,Manganese_avg,Disinfectant,Coagulant,Flouridation,pH Adjuster
0,-100.0,-100.0,-100.0,-100.0,-100.0,-100.0,-100.0,-100.0,-100.0,-100.0,2021-01-01,Langat 2,0.0,0.0,0.0,0.0,0.0,0.0,0.0,0.0,0.0,0.0
1,-100.0,-100.0,-100.0,-100.0,-100.0,-100.0,-100.0,-100.0,-100.0,-100.0,2021-01-02,Langat 2,0.0,0.0,0.0,0.0,0.0,0.0,0.0,0.0,0.0,0.0
2,-100.0,-100.0,-100.0,-100.0,-100.0,-100.0,-100.0,-100.0,-100.0,-100.0,2021-01-03,Langat 2,0.0,0.0,0.0,0.0,0.0,0.0,0.0,0.0,0.0,0.0
3,-100.0,-100.0,-100.0,-100.0,-100.0,-100.0,-100.0,-100.0,-100.0,-100.0,2021-01-04,Langat 2,0.0,0.0,0.0,0.0,0.0,0.0,0.0,0.0,0.0,0.0
4,0.27932960893854153,307.064935064935,27.833333333333332,9.17431192660549,79.99999999999999,109.99999999999999,-100.0,-100.0,-100.0,-100.0,2021-01-05,Langat 2,7.18,156.72,7.67,1.19,0.09,0.21,0.0,0.0,0.0,0.0
5,-0.13966480446927076,226.83116883116884,91.66666666666666,-4.587155963302756,19.99999999999999,30.0,-100.0,-100.0,-100.0,-100.0,2021-01-06,Langat 2,7.15,125.83,11.5,1.04,0.06,0.13,0.0,0.0,0.0,0.0
6,-2.6536312849162065,-32.467532467532465,-30.5,-16.51376146788991,-40.00000000000001,-30.0,-100.0,-100.0,-100.0,-100.0,2021-01-07,Langat 2,6.97,26.0,4.17,0.91,0.03,0.07,0.0,0.0,0.0,0.0
7,5.7262569832402255,-41.03896103896104,-27.833333333333332,10.091743119266043,-20.000000000000004,-40.00000000000001,-100.0,-100.0,-100.0,-100.0,2021-01-08,Langat 2,7.57,22.7,4.33,1.2,0.04,0.06,0.0,0.0,0.0,0.0
8,1.536312849162003,57.99999999999999,16.666666666666664,0.9174311926605512,0.0,60.0,-100.0,-100.0,-100.0,-100.0,2021-01-09,Langat 2,7.27,60.83,7.0,1.1,0.05,0.16,0.0,0.0,0.0,0.0
9,-1.3966480446927447,9.948051948051944,41.66666666666667,8.256880733944941,60.0,-10.000000000000009,-100.0,-100.0,-100.0,-100.0,2021-01-10,Langat 2,7.06,42.33,8.5,1.18,0.08,0.09,0.0,0.0,0.0,0.0
10,0.27932960893854153,55.84415584415584,5.500000000000002,33.94495412844035,60.0,30.0,-100.0,-100.0,-100.0,-100.0,2021-01-11,Langat 2,7.18,60.0,6.33,1.46,0.08,0.13,0.0,0.0,0.0,0.0
11,-1.6759776536312863,-7.792207792207792,-11.166666666666664,20.183486238532105,40.00000000000001,-20.000000000000004,-100.0,-100.0,-100.0,-100.0,2021-01-12,Langat 2,7.04,35.5,5.33,1.31,0.07,0.08,0.0,0.0,0.0,0.0
12,-100.0,-100.0,-100.0,-100.0,-100.0,-100.0,-100.0,-100.0,-100.0,-100.0,2021-01-13,Langat 2,0.0,0.0,0.0,0.0,0.0,0.0,0.0,0.0,0.0,0.0
13,-100.0,-100.0,-100.0,-100.0,-100.0,-100.0,-100.0,-100.0,-100.0,-100.0,2021-01-14,Langat 2,0.0,0.0,0.0,0.0,0.0,0.0,0.0,0.0,0.0,0.0
14,-100.0,-100.0,-100.0,-100.0,-100.0,-100.0,-100.0,-100.0,-100.0,-100.0,2021-01-15,Langat 2,0.0,0.0,0.0,0.0,0.0,0.0,0.0,0.0,0.0,0.0
15,-100.0,-100.0,-100.0,-100.0,-100.0,-100.0,-100.0,-100.0,-100.0,-100.0,2021-01-16,Langat 2,0.0,0.0,0.0,0.0,0.0,0.0,0.0,0.0,0.0,0.0
16,-100.0,-100.0,-100.0,-100.0,-100.0,-100.0,-100.0,-100.0,-100.0,-100.0,2021-01-17,Langat 2,0.0,0.0,0.0,0.0,0.0,0.0,0.0,0.0,0.0,0.0
17,-100.0,-100.0,-100.0,-100.0,-100.0,-100.0,-100.0,-100.0,-100.0,-100.0,2021-01-18,Langat 2,0.0,0.0,0.0,0.0,0.0,0.0,0.0,0.0,0.0,0.0
18,-100.0,-100.0,-100.0,-100.0,-100.0,-100.0,-100.0,-100.0,-100.0,-100.0,2021-01-19,Langat 2,0.0,0.0,0.0,0.0,0.0,0.0,0.0,0.0,0.0,0.0
19,-100.0,-100.0,-100.0,-100.0,-100.0,-100.0,-100.0,-100.0,-100.0,-100.0,2021-01-20,Langat 2,0.0,0.0,0.0,0.0,0.0,0.0,0.0,0.0,0.0,0.0
20,-100.0,-100.0,-100.0,-100.0,-100.0,-100.0,-100.0,-100.0,-100.0,-100.0,2021-01-21,Langat 2,0.0,0.0,0.0,0.0,0.0,0.0,0.0,0.0,0.0,0.0
21,-100.0,-100.0,-100.0,-100.0,-100.0,-100.0,-100.0,-100.0,-100.0,-100.0,2021-01-22,Langat 2,0.0,0.0,0.0,0.0,0.0,0.0,0.0,0.0,0.0,0.0
22,-100.0,-100.0,-100.0,-100.0,-100.0,-100.0,-100.0,-100.0,-100.0,-100.0,2021-01-23,Langat 2,0.0,0.0,0.0,0.0,0.0,0.0,0.0,0.0,0.0,0.0
23,-100.0,-100.0,-100.0,-100.0,-100.0,-100.0,-100.0,-100.0,-100.0,-100.0,2021-01-24,Langat 2,0.0,0.0,0.0,0.0,0.0,0.0,0.0,0.0,0.0,0.0
24,-100.0,-100.0,-100.0,-100.0,-100.0,-100.0,-100.0,-100.0,-100.0,-100.0,2021-01-25,Langat 2,0.0,0.0,0.0,0.0,0.0,0.0,0.0,0.0,0.0,0.0
25,-100.0,-100.0,-100.0,-100.0,-100.0,-100.0,-100.0,-100.0,-100.0,-100.0,2021-01-26,Langat 2,0.0,0.0,0.0,0.0,0.0,0.0,0.0,0.0,0.0,0.0
26,-100.0,-100.0,-100.0,-100.0,-100.0,-100.0,-100.0,-100.0,-100.0,-100.0,2021-01-27,Langat 2,0.0,0.0,0.0,0.0,0.0,0.0,0.0,0.0,0.0,0.0
27,-100.0,-100.0,-100.0,-100.0,-100.0,-100.0,-100.0,-100.0,-100.0,-100.0,2021-01-28,Langat 2,0.0,0.0,0.0,0.0,0.0,0.0,0.0,0.0,0.0,0.0
28,-100.0,-100.0,-100.0,-100.0,-100.0,-100.0,-100.0,-100.0,-100.0,-100.0,2021-01-29,Langat 2,0.0,0.0,0.0,0.0,0.0,0.0,0.0,0.0,0.0,0.0
29,-100.0,-100.0,-100.0,-100.0,-100.0,-100.0,-100.0,-100.0,-100.0,-100.0,2021-01-30,Langat 2,0.0,0.0,0.0,0.0,0.0,0.0,0.0,0.0,0.0,0.0
30,-100.0,-100.0,-100.0,-100.0,-100.0,-100.0,-100.0,-100.0,-100.0,-100.0,2021-01-31,Langat 2,0.0,0.0,0.0,0.0,0.0,0.0,0.0,0.0,0.0,0.0
31,-100.0,-100.0,-100.0,-100.0,-100.0,-100.0,22.562674094707535,0.0,-4.477611940298507,70.0,2021-02-01,Langat 2,0.0,0.0,0.0,0.0,0.0,0.0,4.4,32.0,0.5,8.5
32,-100.0,-100.0,-100.0,-100.0,-100.0,-100.0,22.00557103064067,0.0,-4.477611940298507,70.0,2021-02-02,Langat 2,0.0,0.0,0.0,0.0,0.0,0.0,4.38,32.0,0.5,8.5
33,-100.0,-100.0,-100.0,-100.0,-100.0,-100.0,18.662952646239553,0.0,-9.940298507462682,70.0,2021-02-03,Langat 2,0.0,0.0,0.0,0.0,0.0,0.0,4.26,30.17,0.5,8.5
34,-100.0,-100.0,-100.0,-100.0,-100.0,-100.0,11.699164345403897,0.0,-10.44776119402985,70.0,2021-02-04,Langat 2,0.0,0.0,0.0,0.0,0.0,0.0,4.01,30.0,0.5,8.5
35,3.631284916201114,431.6103896103896,61.16666666666667,40.36697247706421,260.0,219.99999999999997,14.484679665738176,0.0,-10.44776119402985,70.0,2021-02-05,Langat 2,7.42,204.67,9.67,1.53,0.18,0.32,4.11,30.0,0.5,8.5
36,0.27932960893854153,96.05194805194806,25.0,23.85321100917431,60.0,139.99999999999997,24.791086350974947,0.0,-10.925373134328359,83.39999999999999,2021-02-06,Langat 2,7.18,75.48,7.5,1.35,0.08,0.24,4.48,29.84,0.5,9.17
37,-1.6759776536312863,-5.194805194805195,-19.499999999999996,-26.605504587155966,-20.000000000000004,-20.000000000000004,27.29805013927578,30.000000000000004,-10.44776119402985,74.20000000000002,2021-02-07,Langat 2,7.04,36.5,4.83,0.8,0.04,0.08,4.57,30.0,0.65,8.71
38,4.329608938547481,-36.80519480519481,-30.5,15.59633027522935,79.99999999999999,-40.00000000000001,18.662952646239553,30.000000000000004,-10.44776119402985,70.0,2021-02-08,Langat 2,7.47,24.33,4.17,1.26,0.09,0.06,4.26,30.0,0.65,8.5
39,0.6983240223463663,15.142857142857139,-5.500000000000002,9.17431192660549,19.99999999999999,9.999999999999995,20.612813370473546,10.000000000000009,-10.44776119402985,60.0,2021-02-09,Langat 2,7.21,44.33,5.67,1.19,0.06,0.11,4.33,30.0,0.55,8.0
40,-2.6536312849162065,-32.909090909090914,0.0,31.1926605504587,60.0,-20.000000000000004,16.991643454039007,10.000000000000009,-10.44776119402985,80.0,2021-02-10,Langat 2,6.97,25.83,6.0,1.43,0.08,0.08,4.2,30.0,0.55,9.0
41,1.1173184357541908,-7.350649350649347,-8.333333333333332,2.7522935779816535,-20.000000000000004,-30.0,19.77715877437326,10.000000000000009,-10.44776119402985,80.0,2021-02-11,Langat 2,7.24,35.67,5.5,1.12,0.04,0.07,4.3,30.0,0.55,9.0
42,-1.5363128491620157,-22.519480519480524,-8.333333333333332,-6.422018348623859,-40.00000000000001,-20.000000000000004,16.991643454039007,10.000000000000009,-7.462686567164178,60.0,2021-02-12,Langat 2,7.05,29.83,5.5,1.02,0.03,0.08,4.2,31.0,0.55,8.0
43,-100.0,-100.0,-100.0,-100.0,-100.0,-100.0,23.955431754874663,8.000000000000007,2.9850746268656714,60.0,2021-02-13,Langat 2,0.0,0.0,0.0,0.0,0.0,0.0,4.45,34.5,0.54,8.0
44,-100.0,-100.0,-100.0,-100.0,-100.0,-100.0,25.348189415041787,10.000000000000009,-5.970149253731343,60.0,2021-02-14,Langat 2,0.0,0.0,0.0,0.0,0.0,0.0,4.5,31.5,0.55,8.0
45,-100.0,-100.0,-100.0,-100.0,-100.0,-100.0,16.991643454039007,10.000000000000009,-4.477611940298507,60.0,2021-02-15,Langat 2,0.0,0.0,0.0,0.0,0.0,0.0,4.2,32.0,0.55,8.0
46,-100.0,-100.0,-100.0,-100.0,-100.0,-100.0,25.348189415041787,10.000000000000009,-8.955223880597014,60.0,2021-02-16,Langat 2,0.0,0.0,0.0,0.0,0.0,0.0,4.5,30.5,0.55,8.0
47,-100.0,-100.0,-100.0,-100.0,-100.0,-100.0,25.348189415041787,10.000000000000009,-10.44776119402985,60.0,2021-02-17,Langat 2,0.0,0.0,0.0,0.0,0.0,0.0,4.5,30.0,0.55,8.0
48,-100.0,-100.0,-100.0,-100.0,-100.0,-100.0,25.348189415041787,10.000000000000009,-16.417910447761194,60.0,2021-02-18,Langat 2,0.0,0.0,0.0,0.0,0.0,0.0,4.5,28.0,0.55,8.0
49,-100.0,-100.0,-100.0,-100.0,-100.0,-100.0,19.77715877437326,10.000000000000009,-16.417910447761194,60.0,2021-02-19,Langat 2,0.0,0.0,0.0,0.0,0.0,0.0,4.3,28.0,0.55,8.0
50,-100.0,-100.0,-100.0,-100.0,-100.0,-100.0,25.348189415041787,10.000000000000009,-16.417910447761194,60.0,2021-02-20,Langat 2,0.0,0.0,0.0,0.0,0.0,0.0,4.5,28.0,0.55,8.0
51,-100.0,-100.0,-100.0,-100.0,-100.0,-100.0,19.77715877437326,10.000000000000009,-16.417910447761194,60.0,2021-02-21,Langat 2,0.0,0.0,0.0,0.0,0.0,0.0,4.3,28.0,0.55,8.0
52,-100.0,-100.0,-100.0,-100.0,-100.0,-100.0,19.77715877437326,10.000000000000009,-16.417910447761194,60.0,2021-02-22,Langat 2,0.0,0.0,0.0,0.0,0.0,0.0,4.3,28.0,0.55,8.0
53,-100.0,-100.0,-100.0,-100.0,-100.0,-100.0,25.348189415041787,10.000000000000009,-16.417910447761194,60.0,2021-02-23,Langat 2,0.0,0.0,0.0,0.0,0.0,0.0,4.5,28.0,0.55,8.0
54,-100.0,-100.0,-100.0,-100.0,-100.0,-100.0,19.77715877437326,10.000000000000009,-16.417910447761194,60.0,2021-02-24,Langat 2,0.0,0.0,0.0,0.0,0.0,0.0,4.3,28.0,0.55,8.0
55,-100.0,-100.0,-100.0,-100.0,-100.0,-100.0,19.77715877437326,10.000000000000009,-16.417910447761194,60.0,2021-02-25,Langat 2,0.0,0.0,0.0,0.0,0.0,0.0,4.3,28.0,0.55,8.0
56,-100.0,-100.0,-100.0,-100.0,-100.0,-100.0,25.348189415041787,10.000000000000009,-16.417910447761194,60.0,2021-02-26,Langat 2,0.0,0.0,0.0,0.0,0.0,0.0,4.5,28.0,0.55,8.0
57,-100.0,-100.0,-100.0,-100.0,-100.0,-100.0,19.77715877437326,10.000000000000009,-16.417910447761194,60.0,2021-02-27,Langat 2,0.0,0.0,0.0,0.0,0.0,0.0,4.3,28.0,0.55,8.0
58,-100.0,-100.0,-100.0,-100.0,-100.0,-100.0,28.133704735376043,10.000000000000009,-16.417910447761194,60.0,2021-02-28,Langat 2,0.0,0.0,0.0,0.0,0.0,0.0,4.6,28.0,0.55,8.0
59,-100.0,-100.0,-100.0,-100.0,-100.0,-100.0,17.82729805013929,39.99999999999999,-16.417910447761194,60.0,2021-03-01,Langat 2,0.0,0.0,0.0,0.0,0.0,0.0,4.23,28.0,0.7,8.0
60,-100.0,-100.0,-100.0,-100.0,-100.0,-100.0,15.041782729805014,39.99999999999999,-16.417910447761194,60.0,2021-03-02,Langat 2,0.0,0.0,0.0,0.0,0.0,0.0,4.13,28.0,0.7,8.0
61,-100.0,-100.0,-100.0,-100.0,-100.0,-100.0,15.041782729805014,39.99999999999999,-16.417910447761194,60.0,2021-03-03,Langat 2,0.0,0.0,0.0,0.0,0.0,0.0,4.13,28.0,0.7,8.0
62,-100.0,-100.0,-100.0,-100.0,-100.0,-100.0,14.206128133704729,15.999999999999993,-16.417910447761194,60.0,2021-03-04,Langat 2,0.0,0.0,0.0,0.0,0.0,0.0,4.1,28.0,0.58,8.0
63,3.0726256983240186,266.4155844155844,69.5,193.57798165137615,480.0,400.0,17.82729805013929,15.999999999999993,-16.417910447761194,60.0,2021-03-05,Langat 2,7.38,141.07,10.17,3.2,0.29,0.5,4.23,28.0,0.58,8.0
64,0.5586592178770954,107.84415584415584,25.0,-11.926605504587167,-20.000000000000004,19.99999999999999,12.534818941504183,15.999999999999993,-16.417910447761194,60.0,2021-03-06,Langat 2,7.2,80.02,7.5,0.96,0.04,0.12,4.04,28.0,0.58,8.0
65,-1.815642458100557,142.00000000000003,22.166666666666668,31.1926605504587,180.0,180.0,11.699164345403897,19.999999999999996,-15.910447761194025,60.0,2021-03-07,Langat 2,7.03,93.17,7.33,1.43,0.14,0.28,4.01,28.17,0.6,8.0
66,4.329608938547481,-49.35064935064935,-41.66666666666667,15.59633027522935,-20.000000000000004,-60.0,17.82729805013929,505.99999999999994,-10.686567164179099,60.0,2021-03-08,Langat 2,7.47,19.5,3.5,1.26,0.04,0.04,4.23,29.92,3.03,8.0
67,1.815642458100557,27.27272727272727,-2.833333333333332,-15.596330275229361,0.0,19.99999999999999,21.44846796657383,560.0,-7.820895522388064,60.0,2021-03-09,Langat 2,7.29,49.0,5.83,0.92,0.05,0.12,4.36,30.88,3.3,8.0
68,-0.6983240223463663,-36.36363636363637,-2.833333333333332,21.100917431192656,-40.00000000000001,-30.0,28.969359331476323,19.999999999999996,-16.417910447761194,60.0,2021-03-10,Langat 2,7.11,24.5,5.83,1.32,0.03,0.07,4.63,28.0,0.6,8.0
69,2.3743016759776525,-9.948051948051944,38.833333333333336,6.422018348623839,40.00000000000001,9.999999999999995,22.841225626740954,19.999999999999996,-16.417910447761194,60.0,2021-03-11,Langat 2,7.33,34.67,8.33,1.16,0.07,0.11,4.41,28.0,0.6,8.0
70,-2.5139664804469235,751.948051948052,252.83333333333337,220.1834862385321,580.0000000000001,120.0,21.44846796657383,19.999999999999996,-16.417910447761194,60.0,2021-03-12,Langat 2,6.98,328.0,21.17,3.49,0.34,0.22,4.36,28.0,0.6,8.0
71,-100.0,-100.0,-100.0,-100.0,-100.0,-100.0,32.869080779944284,10.000000000000009,-14.925373134328357,60.0,2021-03-13,Langat 2,0.0,0.0,0.0,0.0,0.0,0.0,4.77,28.5,0.55,8.0
72,-100.0,-100.0,-100.0,-100.0,-100.0,-100.0,43.73259052924792,12.00000000000001,-16.417910447761194,60.0,2021-03-14,Langat 2,0.0,0.0,0.0,0.0,0.0,0.0,5.16,28.0,0.56,8.0
73,-100.0,-100.0,-100.0,-100.0,-100.0,-100.0,28.412256267409486,19.999999999999996,-16.417910447761194,60.0,2021-03-15,Langat 2,0.0,0.0,0.0,0.0,0.0,0.0,4.61,28.0,0.6,8.0
74,-100.0,-100.0,-100.0,-100.0,-100.0,-100.0,37.88300835654597,0.0,-12.686567164179104,60.0,2021-03-16,Langat 2,0.0,0.0,0.0,0.0,0.0,0.0,4.95,29.25,0.5,8.0
75,-100.0,-100.0,-100.0,-100.0,-100.0,-100.0,30.919220055710316,10.000000000000009,-17.91044776119403,60.0,2021-03-17,Langat 2,0.0,0.0,0.0,0.0,0.0,0.0,4.7,27.5,0.55,8.0
76,-100.0,-100.0,-100.0,-100.0,-100.0,-100.0,30.36211699164345,10.000000000000009,-13.432835820895523,60.0,2021-03-18,Langat 2,0.0,0.0,0.0,0.0,0.0,0.0,4.68,29.0,0.55,8.0
77,-100.0,-100.0,-100.0,-100.0,-100.0,-100.0,36.211699164345404,10.000000000000009,-13.432835820895523,40.0,2021-03-19,Langat 2,0.0,0.0,0.0,0.0,0.0,0.0,4.89,29.0,0.55,7.0
78,-100.0,-100.0,-100.0,-100.0,-100.0,-100.0,32.31197771587745,19.999999999999996,-16.537313432835816,60.0,2021-03-20,Langat 2,0.0,0.0,0.0,0.0,0.0,0.0,4.75,27.96,0.6,8.0
79,-100.0,-100.0,-100.0,-100.0,-100.0,-100.0,24.791086350974947,13.99999999999999,-16.417910447761194,60.0,2021-03-21,Langat 2,0.0,0.0,0.0,0.0,0.0,0.0,4.48,28.0,0.57,8.0
80,-100.0,-100.0,-100.0,-100.0,-100.0,-100.0,21.44846796657383,10.000000000000009,-16.417910447761194,50.0,2021-03-22,Langat 2,0.0,0.0,0.0,0.0,0.0,0.0,4.36,28.0,0.55,7.5
81,-100.0,-100.0,-100.0,-100.0,-100.0,-100.0,20.891364902506965,15.999999999999993,-16.417910447761194,60.0,2021-03-23,Langat 2,0.0,0.0,0.0,0.0,0.0,0.0,4.34,28.0,0.58,8.0
82,-100.0,-100.0,-100.0,-100.0,-100.0,-100.0,29.52646239554319,15.999999999999993,-16.149253731343283,50.0,2021-03-24,Langat 2,0.0,0.0,0.0,0.0,0.0,0.0,4.65,28.09,0.58,7.5
83,-100.0,-100.0,-100.0,-100.0,-100.0,-100.0,24.23398328690808,4.0000000000000036,-16.417910447761194,60.0,2021-03-25,Langat 2,0.0,0.0,0.0,0.0,0.0,0.0,4.46,28.0,0.52,8.0
84,-100.0,-100.0,-100.0,-100.0,-100.0,-100.0,31.197771587743738,-14.000000000000002,-8.089552238805972,45.0,2021-03-26,Langat 2,0.0,0.0,0.0,0.0,0.0,0.0,4.71,30.79,0.43,7.25
85,-100.0,-100.0,-100.0,-100.0,-100.0,-100.0,45.12534818941505,-4.0000000000000036,10.597014925373125,40.0,2021-03-27,Langat 2,0.0,0.0,0.0,0.0,0.0,0.0,5.21,37.05,0.48,7.0
86,-100.0,-100.0,-100.0,-100.0,-100.0,-100.0,20.05571030640668,-19.999999999999996,15.940298507462696,40.0,2021-03-28,Langat 2,0.0,0.0,0.0,0.0,0.0,0.0,4.31,38.84,0.4,7.0
87,-100.0,-100.0,-100.0,-100.0,-100.0,-100.0,27.5766016713092,-9.999999999999998,7.223880597014931,40.0,2021-03-29,Langat 2,0.0,0.0,0.0,0.0,0.0,0.0,4.58,35.92,0.45,7.0
88,-100.0,-100.0,-100.0,-100.0,-100.0,-100.0,20.05571030640668,-16.000000000000004,10.686567164179099,40.0,2021-03-30,Langat 2,0.0,0.0,0.0,0.0,0.0,0.0,4.31,37.08,0.42,7.0
89,-100.0,-100.0,-100.0,-100.0,-100.0,-100.0,34.54038997214485,0.0,0.0,40.0,2021-03-31,Langat 2,0.0,0.0,0.0,0.0,0.0,0.0,4.83,33.5,0.5,7.0
90,-100.0,-100.0,-100.0,-100.0,-100.0,-100.0,23.398328690807794,-9.999999999999998,0.0,40.0,2021-04-01,Langat 2,0.0,0.0,0.0,0.0,0.0,0.0,4.43,33.5,0.45,7.0
91,-100.0,-100.0,-100.0,-100.0,-100.0,-100.0,2.7855153203342646,-19.999999999999996,-15.671641791044777,40.0,2021-04-02,Langat 2,0.0,0.0,0.0,0.0,0.0,0.0,3.69,28.25,0.4,7.0
92,-100.0,-100.0,-100.0,-100.0,-100.0,-100.0,22.00557103064067,-19.999999999999996,-11.940298507462686,40.0,2021-04-03,Langat 2,0.0,0.0,0.0,0.0,0.0,0.0,4.38,29.5,0.4,7.0
93,-100.0,-100.0,-100.0,-100.0,-100.0,-100.0,35.37604456824514,-18.000000000000004,-10.805970149253733,40.0,2021-04-04,Langat 2,0.0,0.0,0.0,0.0,0.0,0.0,4.86,29.88,0.41,7.0
94,1.6759776536312863,209.6883116883117,75.0,5.5045871559632875,60.0,70.0,49.303621169916454,-9.999999999999998,-6.95522388059701,40.0,2021-04-05,Langat 2,7.28,119.23,10.5,1.15,0.08,0.17,5.36,31.17,0.45,7.0
95,0.5586592178770954,129.61038961038963,94.5,-3.6697247706422047,19.99999999999999,60.0,54.038997214484695,0.0,-1.4925373134328357,40.0,2021-04-06,Langat 2,7.2,88.4,11.67,1.05,0.06,0.16,5.53,33.0,0.5,7.0
96,0.4189944134078247,187.45454545454544,5.500000000000002,6.422018348623839,0.0,30.0,26.18384401114207,0.0,2.5074626865671745,40.0,2021-04-07,Langat 2,7.19,110.67,6.33,1.16,0.05,0.13,4.53,34.34,0.5,7.0
97,4.050279329608939,-42.00000000000001,-27.833333333333332,0.9174311926605512,-60.0,-60.0,64.06685236768801,0.0,-11.940298507462686,40.0,2021-04-08,Langat 2,7.45,22.33,4.33,1.1,0.02,0.04,5.89,29.5,0.5,7.0
98,0.837988826815637,-22.07792207792208,-36.166666666666664,-15.596330275229361,-40.00000000000001,-40.00000000000001,64.6239554317549,-4.0000000000000036,1.4925373134328357,20.0,2021-04-09,Langat 2,7.22,30.0,3.83,0.92,0.03,0.06,5.91,34.0,0.48,6.0
99,-0.13966480446927076,-16.02597402597403,8.333333333333332,-12.844036697247718,40.00000000000001,-10.000000000000009,125.6267409470752,15.999999999999993,-5.970149253731343,20.0,2021-04-10,Langat 2,7.15,32.33,6.5,0.95,0.07,0.09,8.1,31.5,0.58,6.0
100,1.536312849162003,-25.53246753246753,-5.500000000000002,22.01834862385321,0.0,-30.0,56.82451253481895,0.0,-5.970149253731343,20.0,2021-04-11,Langat 2,7.27,28.67,5.67,1.33,0.05,0.07,5.63,31.5,0.5,6.0
101,-1.5363128491620157,29.428571428571427,5.500000000000002,13.761467889908246,120.0,9.999999999999995,65.73816155988858,-4.0000000000000036,-5.970149253731343,20.0,2021-04-12,Langat 2,7.05,49.83,6.33,1.24,0.11,0.11,5.95,31.5,0.48,6.0
102,2.3743016759776525,15.714285714285706,25.0,-33.02752293577982,-20.000000000000004,-40.00000000000001,65.45961002785518,0.0,-2.9850746268656714,30.0,2021-04-13,Langat 2,7.33,44.55,7.5,0.73,0.04,0.06,5.94,32.5,0.5,6.5
103,1.6759776536312863,123.81818181818183,75.0,-2.7522935779816535,19.99999999999999,19.99999999999999,64.6239554317549,-4.0000000000000036,-5.970149253731343,30.0,2021-04-14,Langat 2,7.28,86.17,10.5,1.06,0.06,0.12,5.91,31.5,0.48,6.5
104,1.3966480446927325,129.01298701298703,58.333333333333336,11.009174311926593,60.0,100.0,62.95264623955431,0.0,-5.970149253731343,30.0,2021-04-15,Langat 2,7.26,88.17,9.5,1.21,0.08,0.2,5.85,31.5,0.5,6.5
105,0.9776536312849202,121.81818181818183,63.83333333333333,0.0,40.00000000000001,49.999999999999986,45.96100278551533,0.0,25.37313432835821,20.0,2021-04-16,Langat 2,7.23,85.4,9.83,1.09,0.07,0.15,5.24,42.0,0.5,6.0
106,0.5586592178770954,109.01298701298701,44.5,-18.348623853211013,0.0,19.99999999999999,45.96100278551533,0.0,19.402985074626866,20.0,2021-04-17,Langat 2,7.2,80.47,8.67,0.89,0.05,0.12,5.24,40.0,0.5,6.0
107,0.0,220.33766233766232,80.5,17.43119266055045,160.0,130.0,45.40389972144847,0.0,28.35820895522388,20.0,2021-04-18,Langat 2,7.16,123.33,10.83,1.28,0.13,0.23,5.22,43.0,0.5,6.0
108,0.9776536312849202,64.98701298701299,22.166666666666668,-11.926605504587167,120.0,79.99999999999999,45.68245125348191,0.0,25.37313432835821,20.0,2021-04-19,Langat 2,7.23,63.52,7.33,0.96,0.11,0.18,5.23,42.0,0.5,6.0
109,0.13966480446927076,48.9090909090909,22.166666666666668,-31.192660550458722,60.0,9.999999999999995,45.68245125348191,0.0,20.8955223880597,20.0,2021-04-20,Langat 2,7.17,57.33,7.33,0.75,0.08,0.11,5.23,40.5,0.5,6.0
110,0.5586592178770954,36.57142857142857,25.0,-28.440366972477065,40.00000000000001,0.0,45.12534818941505,0.0,28.35820895522388,20.0,2021-04-21,Langat 2,7.2,52.58,7.5,0.78,0.07,0.1,5.21,43.0,0.5,6.0
111,1.1173184357541908,56.7012987012987,8.333333333333332,-14.678899082568808,0.0,49.999999999999986,44.01114206128134,0.0,34.32835820895522,20.0,2021-04-22,Langat 2,7.24,60.33,6.5,0.93,0.05,0.15,5.17,45.0,0.5,6.0
112,-0.4189944134078247,175.58441558441558,69.5,20.183486238532105,40.00000000000001,89.99999999999999,4.456824512534823,0.0,41.7910447761194,20.0,2021-04-23,Langat 2,7.13,106.1,10.17,1.31,0.07,0.19,3.75,47.5,0.5,6.0
113,0.4189944134078247,291.35064935064935,130.5,47.70642201834862,180.0,180.0,43.17548746518106,0.0,50.0,20.0,2021-04-24,Langat 2,7.19,150.67,13.83,1.61,0.14,0.28,5.14,50.25,0.5,6.0
114,-0.6983240223463663,30.46753246753246,-11.166666666666664,-32.11009174311927,0.0,19.99999999999999,46.51810584958218,0.0,19.402985074626866,20.0,2021-04-25,Langat 2,7.11,50.23,5.33,0.74,0.05,0.12,5.26,40.0,0.5,6.0
115,1.1173184357541908,22.15584415584416,-2.833333333333332,-36.697247706422026,0.0,0.0,46.79665738161559,0.0,4.477611940298507,20.0,2021-04-26,Langat 2,7.24,47.03,5.83,0.69,0.05,0.1,5.27,35.0,0.5,6.0
116,1.2569832402234618,56.96103896103896,-11.166666666666664,-27.522935779816514,-40.00000000000001,0.0,47.35376044568246,0.0,4.477611940298507,20.0,2021-04-27,Langat 2,7.25,60.43,5.33,0.79,0.03,0.1,5.29,35.0,0.5,6.0
117,0.6983240223463663,273.7142857142857,58.333333333333336,67.88990825688073,160.0,199.99999999999997,46.51810584958218,0.0,4.477611940298507,20.0,2021-04-28,Langat 2,7.21,143.88,9.5,1.83,0.13,0.3,5.26,35.0,0.5,6.0
118,0.837988826815637,208.5194805194805,5.500000000000002,-13.76146788990827,0.0,89.99999999999999,22.00557103064067,0.0,31.343283582089555,20.0,2021-04-29,Langat 2,7.22,118.78,6.33,0.94,0.05,0.19,4.38,44.0,0.5,6.0
119,-0.6983240223463663,676.6233766233765,30.5,271.5596330275229,599.9999999999999,599.9999999999999,45.12534818941505,0.0,53.73134328358209,20.0,2021-04-30,Langat 2,7.11,299.0,7.83,4.05,0.35,0.7,5.21,51.5,0.5,6.0
120,-100.0,-100.0,-100.0,-100.0,-100.0,-100.0,-4.45682451253481,0.0,33.582089552238806,20.0,2021-05-01,Langat 2,0.0,0.0,0.0,0.0,0.0,0.0,3.43,44.75,0.5,6.0
121,-100.0,-100.0,-100.0,-100.0,-100.0,-100.0,16.71309192200559,0.0,32.32835820895522,20.0,2021-05-02,Langat 2,0.0,0.0,0.0,0.0,0.0,0.0,4.19,44.33,0.5,6.0
122,-100.0,-100.0,-100.0,-100.0,-100.0,-100.0,-5.571030640668517,0.0,37.3134328358209,20.0,2021-05-03,Langat 2,0.0,0.0,0.0,0.0,0.0,0.0,3.39,46.0,0.5,6.0
123,-100.0,-100.0,-100.0,-100.0,-100.0,-100.0,-5.849582172701949,0.0,16.417910447761194,20.0,2021-05-04,Langat 2,0.0,0.0,0.0,0.0,0.0,0.0,3.38,39.0,0.5,6.0
124,0.837988826815637,52.33766233766234,-13.833333333333334,-19.266055045871568,0.0,40.00000000000001,-4.735376044568243,0.0,25.880597014925378,20.0,2021-05-05,Langat 2,7.22,58.65,5.17,0.88,0.05,0.14,3.42,42.17,0.5,6.0
125,1.815642458100557,138.5194805194805,72.16666666666667,24.77064220183486,40.00000000000001,49.999999999999986,-0.8356545961002733,0.0,15.432835820895527,20.0,2021-05-06,Langat 2,7.29,91.83,10.33,1.36,0.07,0.15,3.56,38.67,0.5,6.0
126,-2.5139664804469235,243.71428571428572,25.0,49.54128440366971,120.0,170.0,35.097493036211695,-4.0000000000000036,45.28358208955224,20.0,2021-05-07,Langat 2,6.98,132.33,7.5,1.63,0.11,0.27,4.85,48.67,0.48,6.0
127,5.16759776536313,52.3896103896104,61.16666666666667,112.84403669724767,40.00000000000001,270.0,-3.6211699164345377,0.0,66.17910447761194,20.0,2021-05-08,Langat 2,7.53,58.67,9.67,2.32,0.07,0.37,3.46,55.67,0.5,6.0
128,1.815642458100557,-23.81818181818182,-44.5,-11.926605504587167,-40.00000000000001,-30.0,0.27855153203343264,0.0,29.1044776119403,20.0,2021-05-09,Langat 2,7.29,29.33,3.33,0.96,0.03,0.07,3.6,43.25,0.5,6.0
129,0.13966480446927076,71.87012987012987,36.166666666666664,48.62385321100917,120.0,9.999999999999995,16.434540389972142,0.0,-8.955223880597014,20.0,2021-05-10,Langat 2,7.17,66.17,8.17,1.62,0.11,0.11,4.18,30.5,0.5,6.0
130,0.9776536312849202,-29.87012987012987,-19.499999999999996,18.348623853211006,-60.0,-40.00000000000001,44.846796657381624,-19.999999999999996,10.44776119402985,10.0,2021-05-11,Langat 2,7.23,27.0,4.83,1.29,0.02,0.06,5.2,37.0,0.4,5.5
131,-1.5363128491620157,-28.129870129870127,22.166666666666668,-20.183486238532115,-20.000000000000004,-30.0,47.9108635097493,-19.999999999999996,94.77611940298507,10.0,2021-05-12,Langat 2,7.05,27.67,7.33,0.87,0.04,0.07,5.31,65.25,0.4,5.5
132,-4.748603351955305,899.1428571428571,241.66666666666666,132.11009174311923,380.0,400.0,-3.6211699164345377,0.0,102.74626865671644,20.0,2021-05-13,Langat 2,6.82,384.67,20.5,2.53,0.24,0.5,3.46,67.92,0.5,6.0
133,-1.815642458100557,235.58441558441555,66.66666666666666,36.69724770642201,240.0,130.0,-6.963788300835655,0.0,29.37313432835822,20.0,2021-05-14,Langat 2,7.03,129.2,10.0,1.49,0.17,0.23,3.34,43.34,0.5,6.0
134,-1.9553072625698404,254.10389610389612,100.0,44.95412844036697,79.99999999999999,60.0,-10.30640668523676,0.0,67.16417910447761,20.0,2021-05-15,Langat 2,7.02,136.33,12.0,1.58,0.09,0.16,3.22,56.0,0.5,6.0
135,-1.815642458100557,317.7402597402598,80.5,67.88990825688073,79.99999999999999,390.0,-8.913649025069633,-4.0000000000000036,35.31343283582089,20.0,2021-05-16,Langat 2,7.03,160.83,10.83,1.83,0.09,0.49,3.27,45.33,0.48,6.0
136,-0.2793296089385539,162.38961038961037,33.33333333333333,24.77064220183486,79.99999999999999,100.0,-3.6211699164345377,-14.000000000000002,4.716417910447756,10.0,2021-05-17,Langat 2,7.14,101.02,8.0,1.36,0.09,0.2,3.46,35.08,0.43,5.5
137,-0.4189944134078247,90.77922077922078,22.166666666666668,23.85321100917431,0.0,40.00000000000001,-4.45682451253481,-19.999999999999996,15.432835820895527,10.0,2021-05-18,Langat 2,7.13,73.45,7.33,1.35,0.05,0.14,3.43,38.67,0.4,5.5
138,-0.9776536312849202,165.76623376623374,77.83333333333333,24.77064220183486,100.0,79.99999999999999,-4.178272980501391,-16.000000000000004,22.895522388059707,10.0,2021-05-19,Langat 2,7.09,102.32,10.67,1.36,0.1,0.18,3.44,41.17,0.42,5.5
139,-0.4189944134078247,336.80519480519473,122.16666666666667,138.5321100917431,139.99999999999997,329.99999999999994,-2.2284122562674114,-19.999999999999996,21.01492537313433,10.0,2021-05-20,Langat 2,7.13,168.17,13.33,2.6,0.12,0.43,3.51,40.54,0.4,5.5
140,1.2569832402234618,264.07792207792204,83.33333333333334,40.36697247706421,40.00000000000001,130.0,-3.6211699164345377,-19.999999999999996,32.208955223880594,10.0,2021-05-21,Langat 2,7.25,140.17,11.0,1.53,0.07,0.23,3.46,44.29,0.4,5.5
141,0.13966480446927076,117.19480519480521,44.5,0.0,120.0,70.0,-2.2284122562674114,-19.999999999999996,6.7164179104477615,10.0,2021-05-22,Langat 2,7.17,83.62,8.67,1.09,0.11,0.17,3.51,35.75,0.4,5.5
142,0.13966480446927076,303.038961038961,108.33333333333333,33.0275229357798,199.99999999999997,180.0,-8.356545961002782,-6.000000000000005,18.417910447761198,10.0,2021-05-23,Langat 2,7.17,155.17,12.5,1.45,0.15,0.28,3.29,39.67,0.47,5.5
143,0.5586592178770954,-1.0389610389610353,0.0,-32.11009174311927,0.0,0.0,-3.064066852367685,-9.999999999999998,-10.44776119402985,10.0,2021-05-24,Langat 2,7.2,38.1,6.0,0.74,0.05,0.1,3.48,30.0,0.45,5.5
144,1.3966480446927325,-14.54545454545455,-5.500000000000002,-27.522935779816514,0.0,-10.000000000000009,-6.963788300835655,0.0,-10.44776119402985,10.0,2021-05-25,Langat 2,7.26,32.9,5.67,0.79,0.05,0.09,3.34,30.0,0.5,5.5
145,2.5139664804469235,174.02597402597402,83.33333333333334,31.1926605504587,100.0,70.0,-7.520891364902507,-6.000000000000005,23.999999999999996,10.0,2021-05-26,Langat 2,7.34,105.5,11.0,1.43,0.1,0.17,3.32,41.54,0.47,5.5
146,0.837988826815637,311.94805194805195,136.16666666666666,120.18348623853208,160.0,240.0,-6.963788300835655,-6.000000000000005,34.447761194029844,10.0,2021-05-27,Langat 2,7.22,158.6,14.17,2.4,0.13,0.34,3.34,45.04,0.47,5.5
147,-3.9106145251396685,711.2467532467532,250.0,266.9724770642202,199.99999999999997,530.0,-6.406685236768802,-9.999999999999998,64.80597014925374,10.0,2021-05-28,Langat 2,6.88,312.33,21.0,4.0,0.15,0.63,3.36,55.21,0.45,5.5
148,-0.2793296089385539,49.87012987012987,8.333333333333332,-18.348623853211013,60.0,0.0,4.456824512534823,-14.000000000000002,34.08955223880598,10.0,2021-05-29,Langat 2,7.14,57.7,6.5,0.89,0.08,0.1,3.75,44.92,0.43,5.5
149,-0.6983240223463663,350.5194805194805,116.66666666666667,63.30275229357797,199.99999999999997,229.99999999999997,-10.584958217270191,-9.999999999999998,24.62686567164179,10.0,2021-05-30,Langat 2,7.11,173.45,13.0,1.78,0.15,0.33,3.21,41.75,0.45,5.5
150,0.9776536312849202,229.99999999999997,100.0,-12.844036697247718,19.99999999999999,40.00000000000001,0.27855153203343264,-19.999999999999996,1.4925373134328357,-40.0,2021-05-31,Langat 2,7.23,127.05,12.0,0.95,0.06,0.14,3.6,34.0,0.4,3.0
151,-100.0,-100.0,-100.0,-100.0,-100.0,-100.0,-15.041782729805014,-9.999999999999998,14.417910447761189,10.0,2021-06-01,Langat 2,0.0,0.0,0.0,0.0,0.0,0.0,3.05,38.33,0.45,5.5
152,-100.0,-100.0,-100.0,-100.0,-100.0,-100.0,-4.735376044568243,-9.999999999999998,3.731343283582089,-23.4,2021-06-02,Langat 2,0.0,0.0,0.0,0.0,0.0,0.0,3.42,34.75,0.45,3.83
153,-100.0,-100.0,-100.0,-100.0,-100.0,-100.0,-14.763231197771583,-9.999999999999998,12.955223880597025,-23.4,2021-06-03,Langat 2,0.0,0.0,0.0,0.0,0.0,0.0,3.06,37.84,0.45,3.83
154,-100.0,-100.0,-100.0,-100.0,-100.0,-100.0,3.342618384401117,-9.999999999999998,15.19402985074628,-40.0,2021-06-04,Langat 2,0.0,0.0,0.0,0.0,0.0,0.0,3.71,38.59,0.45,3.0
155,0.13966480446927076,92.64935064935067,8.333333333333332,-1.8348623853211024,40.00000000000001,9.999999999999995,-5.571030640668517,-9.999999999999998,-1.4925373134328357,10.0,2021-06-05,Langat 2,7.17,74.17,6.5,1.07,0.07,0.11,3.39,33.0,0.45,5.5
156,2.793296089385477,182.02597402597402,27.833333333333332,53.211009174311904,60.0,130.0,-2.785515320334252,-9.999999999999998,10.44776119402985,10.0,2021-06-06,Langat 2,7.36,108.58,7.67,1.67,0.08,0.23,3.49,37.0,0.45,5.5
157,0.837988826815637,116.88311688311688,33.33333333333333,16.5137614678899,60.0,40.00000000000001,-7.242339832869075,-12.0,-1.4925373134328357,10.0,2021-06-07,Langat 2,7.22,83.5,8.0,1.27,0.08,0.14,3.33,33.0,0.44,5.5
158,5.16759776536313,-22.07792207792208,5.500000000000002,-22.018348623853218,-60.0,-60.0,-6.963788300835655,-14.000000000000002,-1.4925373134328357,10.0,2021-06-08,Langat 2,7.53,30.0,6.33,0.85,0.02,0.04,3.34,33.0,0.43,5.5
159,0.6983240223463663,-48.05194805194805,-38.833333333333336,4.587155963302736,-40.00000000000001,-60.0,-9.192200557103067,-18.000000000000004,-1.4925373134328357,10.0,2021-06-09,Langat 2,7.21,20.0,3.67,1.14,0.03,0.04,3.26,33.0,0.41,5.5
160,0.837988826815637,89.16883116883116,55.50000000000001,37.61467889908256,19.99999999999999,-20.000000000000004,-7.520891364902507,-14.000000000000002,-4.985074626865677,10.0,2021-06-10,Langat 2,7.22,72.83,9.33,1.5,0.06,0.08,3.32,31.83,0.43,5.5
161,-1.5363128491620157,281.8181818181818,150.0,110.09174311926604,199.99999999999997,229.99999999999997,-11.420612813370466,-14.000000000000002,1.4925373134328357,10.0,2021-06-11,Langat 2,7.05,147.0,15.0,2.29,0.15,0.33,3.18,34.0,0.43,5.5
162,-1.1173184357541908,37.220779220779214,25.0,-2.7522935779816535,-60.0,9.999999999999995,-10.02785515320334,-14.000000000000002,-7.462686567164178,10.0,2021-06-12,Langat 2,7.08,52.83,7.5,1.06,0.02,0.11,3.23,31.0,0.43,5.5
163,3.212290502793289,36.80519480519481,-5.500000000000002,-13.76146788990827,-40.00000000000001,-40.00000000000001,-5.292479108635096,-12.0,-5.223880597014925,10.0,2021-06-13,Langat 2,7.39,52.67,5.67,0.94,0.03,0.06,3.4,31.75,0.44,5.5
164,1.815642458100557,128.10389610389606,47.16666666666667,-1.8348623853211024,60.0,49.999999999999986,-23.398328690807794,-12.0,20.8955223880597,10.0,2021-06-14,Langat 2,7.29,87.82,8.83,1.07,0.08,0.15,2.75,40.5,0.44,5.5
165,0.4189944134078247,300.18181818181813,69.5,55.04587155963301,280.0,240.0,-5.292479108635096,-12.0,24.86567164179104,10.0,2021-06-15,Langat 2,7.19,154.07,10.17,1.69,0.19,0.34,3.4,41.83,0.44,5.5
166,0.5586592178770954,662.4155844155842,138.83333333333334,474.31192660550454,180.0,420.0,-5.013927576601664,-14.000000000000002,37.3134328358209,10.0,2021-06-16,Langat 2,7.2,293.53,14.33,6.26,0.14,0.52,3.41,46.0,0.43,5.5
167,0.5586592178770954,648.051948051948,211.16666666666669,69.72477064220183,440.00000000000006,370.0,-6.12813370473537,-12.0,51.49253731343284,10.0,2021-06-17,Langat 2,7.2,288.0,18.67,1.85,0.27,0.47,3.37,50.75,0.44,5.5
168,0.13966480446927076,245.45454545454547,47.16666666666667,22.93577981651376,120.0,109.99999999999999,-5.292479108635096,-12.0,46.8955223880597,10.0,2021-06-18,Langat 2,7.17,133.0,8.83,1.34,0.11,0.21,3.4,49.21,0.44,5.5
169,0.4189944134078247,107.48051948051946,27.833333333333332,4.587155963302736,19.99999999999999,49.999999999999986,3.8997214484679703,-14.000000000000002,24.62686567164179,10.0,2021-06-19,Langat 2,7.19,79.88,7.67,1.14,0.06,0.15,3.73,41.75,0.43,5.5
170,0.6983240223463663,132.02597402597402,33.33333333333333,11.009174311926593,79.99999999999999,70.0,3.064066852367697,-14.000000000000002,20.02985074626866,10.0,2021-06-20,Langat 2,7.21,89.33,8.0,1.21,0.09,0.17,3.7,40.21,0.43,5.5
171,0.9776536312849202,167.0909090909091,33.33333333333333,13.761467889908246,19.99999999999999,19.99999999999999,-5.292479108635096,-14.000000000000002,6.597014925373138,10.0,2021-06-21,Langat 2,7.23,102.83,8.0,1.24,0.06,0.12,3.4,35.71,0.43,5.5
172,2.653631284916194,-17.740259740259738,-27.833333333333332,-27.522935779816514,-20.000000000000004,-10.000000000000009,-4.178272980501391,-14.000000000000002,-1.4925373134328357,0.0,2021-06-22,Langat 2,7.35,31.67,4.33,0.79,0.04,0.09,3.44,33.0,0.43,5.0
173,3.770949720670385,-38.51948051948052,-27.833333333333332,-24.77064220183487,0.0,-40.00000000000001,-5.571030640668517,-14.000000000000002,-1.4925373134328357,0.0,2021-06-23,Langat 2,7.43,23.67,4.33,0.82,0.05,0.06,3.39,33.0,0.43,5.0
174,2.793296089385477,-48.05194805194805,-27.833333333333332,-36.697247706422026,-40.00000000000001,-40.00000000000001,-4.735376044568243,-14.000000000000002,-10.44776119402985,0.0,2021-06-24,Langat 2,7.36,20.0,4.33,0.69,0.03,0.06,3.42,30.0,0.43,5.0
175,2.653631284916194,-28.129870129870127,-30.5,-13.76146788990827,-40.00000000000001,-20.000000000000004,-5.013927576601664,-14.000000000000002,-6.95522388059701,0.0,2021-06-25,Langat 2,7.35,27.67,4.17,0.94,0.03,0.08,3.41,31.17,0.43,5.0
176,0.6983240223463663,-36.80519480519481,-30.5,-19.266055045871568,-40.00000000000001,-30.0,-5.292479108635096,-14.000000000000002,-7.462686567164178,0.0,2021-06-26,Langat 2,7.21,24.33,4.17,0.88,0.03,0.07,3.4,31.0,0.43,5.0
177,0.5586592178770954,-25.11688311688312,-36.166666666666664,-21.100917431192666,-20.000000000000004,-20.000000000000004,-5.013927576601664,-14.000000000000002,-5.970149253731343,0.0,2021-06-27,Langat 2,7.2,28.83,3.83,0.86,0.04,0.08,3.41,31.5,0.43,5.0
178,0.837988826815637,97.40259740259741,-5.500000000000002,-13.76146788990827,0.0,0.0,-5.292479108635096,-14.000000000000002,-2.2388059701492535,0.0,2021-06-28,Langat 2,7.22,76.0,5.67,0.94,0.05,0.1,3.4,32.75,0.43,5.0
179,0.27932960893854153,181.8181818181818,38.833333333333336,15.59633027522935,60.0,9.999999999999995,-5.013927576601664,-14.000000000000002,9.10447761194029,0.0,2021-06-29,Langat 2,7.18,108.5,8.33,1.26,0.08,0.11,3.41,36.55,0.43,5.0
180,0.27932960893854153,50.2077922077922,-19.499999999999996,11.009174311926593,0.0,9.999999999999995,-5.292479108635096,-14.000000000000002,-1.4925373134328357,0.0,2021-06-30,Langat 2,7.18,57.83,4.83,1.21,0.05,0.11,3.4,33.0,0.43,5.0
181,-100.0,-100.0,-100.0,-100.0,-100.0,-100.0,-3.064066852367685,-9.999999999999998,-7.462686567164178,0.0,2021-07-01,Langat 2,0.0,0.0,0.0,0.0,0.0,0.0,3.48,31.0,0.45,5.0
182,-100.0,-100.0,-100.0,-100.0,-100.0,-100.0,0.8356545961002856,-14.000000000000002,-7.462686567164178,0.0,2021-07-02,Langat 2,0.0,0.0,0.0,0.0,0.0,0.0,3.62,31.0,0.43,5.0
183,-100.0,-100.0,-100.0,-100.0,-100.0,-100.0,-1.6713091922005585,-12.0,6.985074626865682,0.0,2021-07-03,Langat 2,0.0,0.0,0.0,0.0,0.0,0.0,3.53,35.84,0.44,5.0
184,-100.0,-100.0,-100.0,-100.0,-100.0,-100.0,-7.799442896935928,-19.999999999999996,-0.6268656716417936,0.0,2021-07-04,Langat 2,0.0,0.0,0.0,0.0,0.0,0.0,3.31,33.29,0.4,5.0
185,0.5586592178770954,302.59740259740255,16.666666666666664,15.59633027522935,120.0,160.0,-5.571030640668517,-12.0,8.208955223880597,10.0,2021-07-05,Langat 2,7.2,155.0,7.0,1.26,0.11,0.26,3.39,36.25,0.44,5.5
186,2.932960893854748,-12.207792207792215,0.0,-33.02752293577982,-20.000000000000004,-20.000000000000004,-5.849582172701949,-12.0,12.56716417910448,11.600000000000001,2021-07-06,Langat 2,7.37,33.8,6.0,0.73,0.04,0.08,3.38,37.71,0.44,5.58
187,5.16759776536313,56.28571428571429,-22.166666666666668,-14.678899082568808,-20.000000000000004,-20.000000000000004,-5.292479108635096,-16.000000000000004,-1.4925373134328357,-3.000000000000007,2021-07-07,Langat 2,7.53,60.17,4.67,0.93,0.04,0.08,3.4,33.0,0.42,4.85
188,4.329608938547481,22.07792207792208,2.833333333333332,-6.422018348623859,19.99999999999999,-30.0,-5.292479108635096,-9.999999999999998,15.432835820895527,-1.6000000000000014,2021-07-08,Langat 2,7.47,47.0,6.17,1.02,0.06,0.07,3.4,38.67,0.45,4.92
189,2.2346368715083815,-43.71428571428571,-50.0,-1.8348623853211024,-20.000000000000004,-50.0,-5.292479108635096,-14.000000000000002,2.2388059701492535,-2.400000000000002,2021-07-09,Langat 2,7.32,21.67,3.0,1.07,0.04,0.05,3.4,34.25,0.43,4.88
190,1.2569832402234618,229.01298701298703,69.5,77.06422018348621,19.99999999999999,19.99999999999999,-0.5571030640668528,-19.999999999999996,10.955223880597021,0.0,2021-07-10,Langat 2,7.25,126.67,10.17,1.93,0.06,0.12,3.57,37.17,0.4,5.0
191,1.3966480446927325,114.72727272727272,30.5,5.5045871559632875,79.99999999999999,60.0,-2.2284122562674114,-19.999999999999996,4.477611940298507,0.0,2021-07-11,Langat 2,7.26,82.67,7.83,1.15,0.09,0.16,3.51,35.0,0.4,5.0
192,-0.13966480446927076,-9.948051948051944,2.833333333333332,-14.678899082568808,-40.00000000000001,9.999999999999995,-1.9498607242339787,-19.999999999999996,36.20895522388061,0.0,2021-07-12,Langat 2,7.15,34.67,6.17,0.93,0.03,0.11,3.52,45.63,0.4,5.0
193,2.2346368715083815,2263.194805194805,447.1666666666667,404.5871559633027,879.9999999999999,970.0000000000001,-0.5571030640668528,-19.999999999999996,93.7910447761194,-3.200000000000003,2021-07-13,Langat 2,7.32,909.83,32.83,5.5,0.49,1.07,3.57,64.92,0.4,4.84
194,1.6759776536312863,809.0909090909091,180.49999999999997,208.25688073394488,319.99999999999994,610.0,0.8356545961002856,-14.000000000000002,59.820895522388064,10.0,2021-07-14,Langat 2,7.28,350.0,16.83,3.36,0.21,0.71,3.62,53.54,0.43,5.5
195,3.4916201117318435,248.05194805194805,80.5,67.88990825688073,60.0,180.0,-3.8997214484679574,-9.999999999999998,23.88059701492537,-5.0,2021-07-15,Langat 2,7.41,134.0,10.83,1.83,0.08,0.28,3.45,41.5,0.45,4.75
196,2.932960893854748,28.57142857142857,-5.500000000000002,-11.009174311926614,-20.000000000000004,9.999999999999995,-3.8997214484679574,19.999999999999996,2.5074626865671745,-5.0,2021-07-16,Langat 2,7.37,49.5,5.67,0.97,0.04,0.11,3.45,34.34,0.6,4.75
197,3.0726256983240186,266.23376623376623,33.33333333333333,19.266055045871553,60.0,49.999999999999986,0.0,450.0,5.970149253731343,-5.0,2021-07-17,Langat 2,7.38,141.0,8.0,1.3,0.08,0.15,3.59,35.5,2.75,4.75
198,4.469273743016763,-19.92207792207793,-27.833333333333332,-22.018348623853218,60.0,9.999999999999995,0.8356545961002856,0.0,-1.4925373134328357,-5.0,2021-07-18,Langat 2,7.48,30.83,4.33,0.85,0.08,0.11,3.62,33.0,0.5,4.75
199,3.770949720670385,-25.272727272727273,-36.166666666666664,-28.440366972477065,19.99999999999999,0.0,-8.913649025069633,-9.999999999999998,-0.9850746268656665,-10.0,2021-07-19,Langat 2,7.43,28.77,3.83,0.78,0.06,0.1,3.27,33.17,0.45,4.5
200,2.932960893854748,-31.376623376623375,-33.33333333333333,-33.02752293577982,100.0,0.0,3.064066852367697,-9.999999999999998,-1.4925373134328357,-10.0,2021-07-20,Langat 2,7.37,26.42,4.0,0.73,0.1,0.1,3.7,33.0,0.45,4.5
201,3.4916201117318435,-44.675324675324674,-33.33333333333333,-20.183486238532115,0.0,-20.000000000000004,-1.6713091922005585,0.0,-1.4925373134328357,0.0,2021-07-21,Langat 2,7.41,21.3,4.0,0.87,0.05,0.08,3.53,33.0,0.5,5.0
202,3.9106145251396685,45.19480519480519,25.0,24.77064220183486,19.99999999999999,70.0,-0.8356545961002733,6.000000000000005,-4.477611940298507,-10.0,2021-07-22,Langat 2,7.44,55.9,7.5,1.36,0.06,0.17,3.56,32.0,0.53,4.5
203,4.6089385474860345,-40.25974025974026,-13.833333333333334,-7.339449541284409,-40.00000000000001,-40.00000000000001,-7.520891364902507,6.000000000000005,0.0,-10.0,2021-07-23,Langat 2,7.49,23.0,5.17,1.01,0.03,0.06,3.32,33.5,0.53,4.5
204,4.469273743016763,-40.701298701298704,-30.5,-0.9174311926605512,40.00000000000001,-40.00000000000001,13.64902506963789,0.0,-1.4925373134328357,-10.0,2021-07-24,Langat 2,7.48,22.83,4.17,1.08,0.07,0.06,4.08,33.0,0.5,4.5
205,4.748603351955305,-58.259740259740255,-33.33333333333333,-1.8348623853211024,-60.0,-60.0,16.71309192200559,0.0,-1.4925373134328357,-10.0,2021-07-25,Langat 2,7.5,16.07,4.0,1.07,0.02,0.04,4.19,33.0,0.5,4.5
206,3.9106145251396685,-53.6883116883117,-36.166666666666664,-17.43119266055046,-20.000000000000004,-60.0,-4.735376044568243,30.000000000000004,-1.4925373134328357,0.0,2021-07-26,Langat 2,7.44,17.83,3.83,0.9,0.04,0.04,3.42,33.0,0.65,5.0
207,4.469273743016763,-55.45454545454545,-41.66666666666667,-2.7522935779816535,-20.000000000000004,-70.0,-5.013927576601664,10.000000000000009,-1.4925373134328357,0.0,2021-07-27,Langat 2,7.48,17.15,3.5,1.06,0.04,0.03,3.41,33.0,0.55,5.0
208,4.748603351955305,-40.519480519480524,-8.333333333333332,5.5045871559632875,19.99999999999999,-40.00000000000001,-4.45682451253481,10.000000000000009,-1.4925373134328357,0.0,2021-07-28,Langat 2,7.5,22.9,5.5,1.15,0.06,0.06,3.43,33.0,0.55,5.0
209,5.865921787709496,-20.77922077922078,2.833333333333332,22.01834862385321,79.99999999999999,-30.0,2.7855153203342646,10.000000000000009,-1.4925373134328357,0.0,2021-07-29,Langat 2,7.58,30.5,6.17,1.33,0.09,0.07,3.69,33.0,0.55,5.0
210,5.16759776536313,-25.506493506493506,-30.5,-33.94495412844037,-40.00000000000001,-50.0,0.27855153203343264,10.000000000000009,0.9850746268656665,0.0,2021-07-30,Langat 2,7.53,28.68,4.17,0.72,0.03,0.05,3.6,33.83,0.55,5.0
211,4.748603351955305,37.14285714285713,-5.500000000000002,40.36697247706421,0.0,19.99999999999999,11.420612813370477,10.000000000000009,-1.4925373134328357,-5.0,2021-07-31,Langat 2,7.5,52.8,5.67,1.53,0.05,0.12,4.0,33.0,0.55,4.75
212,-100.0,-100.0,-100.0,-100.0,-100.0,-100.0,3.342618384401117,10.000000000000009,-1.4925373134328357,-10.0,2021-08-01,Langat 2,0.0,0.0,0.0,0.0,0.0,0.0,3.71,33.0,0.55,4.5
213,-100.0,-100.0,-100.0,-100.0,-100.0,-100.0,11.142061281337059,0.0,-4.716417910447756,-5.0,2021-08-02,Langat 2,0.0,0.0,0.0,0.0,0.0,0.0,3.99,31.92,0.5,4.75
214,-100.0,-100.0,-100.0,-100.0,-100.0,-100.0,5.292479108635096,-2.0000000000000018,-1.970149253731333,-10.0,2021-08-03,Langat 2,0.0,0.0,0.0,0.0,0.0,0.0,3.78,32.84,0.49,4.5
215,2.2346368715083815,565.0649350649351,122.16666666666667,238.53211009174308,500.0,560.0,-1.1142061281337057,-14.000000000000002,-5.970149253731343,-10.0,2021-08-04,Langat 2,7.32,256.05,13.33,3.69,0.3,0.66,3.55,31.5,0.43,4.5
216,-0.4189944134078247,840.7012987012987,208.33333333333334,121.10091743119267,40.00000000000001,619.9999999999999,1.1142061281337057,-16.000000000000004,-6.7164179104477615,-10.0,2021-08-05,Langat 2,7.13,362.17,18.5,2.41,0.07,0.72,3.63,31.25,0.42,4.5
217,2.5139664804469235,41.37662337662338,11.166666666666664,-11.926605504587167,-20.000000000000004,0.0,-2.506963788300832,-9.999999999999998,-1.4925373134328357,-10.0,2021-08-06,Langat 2,7.34,54.43,6.67,0.96,0.04,0.1,3.5,33.0,0.45,4.5
218,7.5418994413407825,221.2207792207792,91.66666666666666,111.00917431192659,160.0,199.99999999999997,0.0,10.000000000000009,-2.358208955223878,-10.0,2021-08-07,Langat 2,7.7,123.67,11.5,2.3,0.13,0.3,3.59,32.71,0.55,4.5
219,4.1899441340782095,-18.181818181818183,36.166666666666664,21.100917431192656,0.0,19.99999999999999,-3.6211699164345377,6.000000000000005,-4.477611940298507,-10.0,2021-08-08,Langat 2,7.46,31.5,8.17,1.32,0.05,0.12,3.46,32.0,0.53,4.5
220,2.0949720670390986,-31.610389610389618,-41.66666666666667,-1.8348623853211024,-40.00000000000001,-30.0,-3.064066852367685,-4.0000000000000036,-2.358208955223878,-10.0,2021-08-09,Langat 2,7.31,26.33,3.5,1.07,0.03,0.07,3.48,32.71,0.48,4.5
221,0.4189944134078247,-36.36363636363637,-2.833333333333332,8.256880733944941,-60.0,-50.0,-1.392757660167126,-9.999999999999998,-4.477611940298507,-10.0,2021-08-10,Langat 2,7.19,24.5,5.83,1.18,0.02,0.05,3.54,32.0,0.45,4.5
222,0.27932960893854153,0.0,19.499999999999996,27.522935779816493,0.0,19.99999999999999,-0.8356545961002733,-14.000000000000002,9.940298507462682,-10.0,2021-08-11,Langat 2,7.18,38.5,7.17,1.39,0.05,0.12,3.56,36.83,0.43,4.5
223,0.13966480446927076,-45.45454545454545,-11.166666666666664,-28.440366972477065,-60.0,-50.0,-2.785515320334252,-9.999999999999998,-1.4925373134328357,-10.0,2021-08-12,Langat 2,7.17,21.0,5.33,0.78,0.02,0.05,3.49,33.0,0.45,4.5
224,-0.2793296089385539,18.62337662337663,16.666666666666664,-36.697247706422026,40.00000000000001,9.999999999999995,-1.392757660167126,-9.999999999999998,0.0,-10.0,2021-08-13,Langat 2,7.14,45.67,7.0,0.69,0.07,0.11,3.54,33.5,0.45,4.5
225,0.0,-32.909090909090914,2.833333333333332,4.587155963302736,19.99999999999999,-40.00000000000001,4.735376044568243,-9.999999999999998,4.477611940298507,-10.0,2021-08-14,Langat 2,7.16,25.83,6.17,1.14,0.06,0.06,3.76,35.0,0.45,4.5
226,2.0949720670390986,-52.02597402597403,-19.499999999999996,-11.926605504587167,19.99999999999999,-20.000000000000004,3.62116991643455,-19.999999999999996,4.477611940298507,-10.0,2021-08-15,Langat 2,7.31,18.47,4.83,0.96,0.06,0.08,3.72,35.0,0.4,4.5
227,9.078212290502785,12.54545454545454,30.5,26.60550458715594,0.0,-20.000000000000004,3.342618384401117,-68.0,4.000000000000011,-10.0,2021-08-16,Langat 2,7.81,43.33,7.83,1.38,0.05,0.08,3.71,34.84,0.16,4.5
228,10.055865921787706,212.54545454545456,155.5,45.87155963302752,40.00000000000001,120.0,1.9498607242339914,-19.999999999999996,34.71641791044777,-10.0,2021-08-17,Langat 2,7.88,120.33,15.33,1.59,0.07,0.22,3.66,45.13,0.4,4.5
229,9.49720670391061,210.3896103896104,155.5,77.98165137614677,120.0,130.0,6.685236768802234,-12.0,45.79104477611941,-10.0,2021-08-18,Langat 2,7.84,119.5,15.33,1.94,0.11,0.23,3.83,48.84,0.44,4.5
230,9.776536312849164,-9.090909090909092,58.333333333333336,12.844036697247695,-20.000000000000004,-20.000000000000004,3.342618384401117,-4.0000000000000036,1.0149253731343386,-10.0,2021-08-19,Langat 2,7.86,35.0,9.5,1.23,0.04,0.08,3.71,33.84,0.48,4.5
231,9.078212290502785,335.06493506493507,213.83333333333331,101.83486238532112,40.00000000000001,240.0,2.2284122562674114,0.0,31.343283582089555,-10.0,2021-08-20,Langat 2,7.81,167.5,18.83,2.2,0.07,0.34,3.67,44.0,0.5,4.5
232,10.33519553072626,153.6883116883117,172.16666666666666,40.36697247706421,0.0,-50.0,0.5571030640668528,0.0,89.55223880597015,-10.0,2021-08-21,Langat 2,7.9,97.67,16.33,1.53,0.05,0.05,3.61,63.5,0.5,4.5
233,9.078212290502785,209.0909090909091,169.50000000000003,30.27522935779815,19.99999999999999,100.0,-2.785515320334252,-2.0000000000000018,30.597014925373134,-5.0,2021-08-22,Langat 2,7.81,119.0,16.17,1.42,0.06,0.2,3.49,43.75,0.49,4.75
234,7.8212290502793245,262.77922077922074,175.0,31.1926605504587,180.0,209.99999999999997,-0.27855153203342026,0.0,14.17910447761194,-5.0,2021-08-23,Langat 2,7.72,139.67,16.5,1.43,0.14,0.31,3.58,38.25,0.5,4.75
235,0.27932960893854153,87.45454545454547,72.16666666666667,-10.091743119266065,40.00000000000001,30.0,-1.1142061281337057,600.0,11.462686567164189,0.0,2021-08-24,Langat 2,7.18,72.17,10.33,0.98,0.07,0.13,3.55,37.34,3.5,5.0
236,0.4189944134078247,220.7792207792208,152.83333333333334,77.98165137614677,60.0,209.99999999999997,-0.8356545961002733,0.0,4.477611940298507,0.0,2021-08-25,Langat 2,7.19,123.5,15.17,1.94,0.08,0.31,3.56,35.0,0.5,5.0
237,0.5586592178770954,27.27272727272727,52.83333333333333,7.339449541284389,0.0,40.00000000000001,-0.8356545961002733,0.0,-1.4925373134328357,-5.0,2021-08-26,Langat 2,7.2,49.0,9.17,1.17,0.05,0.14,3.56,33.0,0.5,4.75
238,1.6759776536312863,29.428571428571427,25.0,-5.504587155963307,-20.000000000000004,9.999999999999995,0.8356545961002856,0.0,-1.4925373134328357,0.0,2021-08-27,Langat 2,7.28,49.83,7.5,1.03,0.04,0.11,3.62,33.0,0.5,5.0
239,2.653631284916194,85.27272727272727,55.50000000000001,9.17431192660549,40.00000000000001,9.999999999999995,-0.27855153203342026,0.0,-1.4925373134328357,-5.0,2021-08-28,Langat 2,7.35,71.33,9.33,1.19,0.07,0.11,3.58,33.0,0.5,4.75
240,0.837988826815637,131.61038961038963,94.5,3.6697247706421847,19.99999999999999,0.0,-1.1142061281337057,0.0,14.925373134328357,-5.0,2021-08-29,Langat 2,7.22,89.17,11.67,1.13,0.06,0.1,3.55,38.5,0.5,4.75
241,0.5586592178770954,54.1038961038961,16.666666666666664,26.60550458715594,0.0,30.0,-1.392757660167126,0.0,5.223880597014925,-5.0,2021-08-30,Langat 2,7.2,59.33,7.0,1.38,0.05,0.13,3.54,35.25,0.5,4.75
242,0.6983240223463663,179.2207792207792,83.33333333333334,57.79816513761467,-20.000000000000004,130.0,-0.8356545961002733,0.0,19.044776119402993,-6.199999999999992,2021-08-31,Langat 2,7.21,107.5,11.0,1.72,0.04,0.23,3.56,39.88,0.5,4.69
243,-100.0,-100.0,-100.0,-100.0,-100.0,-100.0,-2.506963788300832,0.0,15.910447761194025,0.0,2021-09-01,Langat 2,0.0,0.0,0.0,0.0,0.0,0.0,3.5,38.83,0.5,5.0
244,-100.0,-100.0,-100.0,-100.0,-100.0,-100.0,-0.5571030640668528,0.0,4.000000000000011,-3.399999999999999,2021-09-02,Langat 2,0.0,0.0,0.0,0.0,0.0,0.0,3.57,34.84,0.5,4.83
245,-100.0,-100.0,-100.0,-100.0,-100.0,-100.0,-1.1142061281337057,0.0,4.477611940298507,-5.0,2021-09-03,Langat 2,0.0,0.0,0.0,0.0,0.0,0.0,3.55,35.0,0.5,4.75
246,1.3966480446927325,453.5584415584416,141.66666666666669,46.78899082568807,79.99999999999999,339.99999999999994,3.064066852367697,6.000000000000005,8.955223880597014,0.0,2021-09-04,Langat 2,7.26,213.12,14.5,1.6,0.09,0.44,3.7,36.5,0.53,5.0
247,-0.8379888268156493,213.84415584415586,80.5,19.266055045871553,79.99999999999999,120.0,-0.27855153203342026,6.000000000000005,4.477611940298507,0.0,2021-09-05,Langat 2,7.1,120.83,10.83,1.3,0.09,0.22,3.58,35.0,0.53,5.0
248,1.955307262569828,-29.532467532467532,-13.833333333333334,-34.86238532110092,0.0,-10.000000000000009,3.064066852367697,10.000000000000009,-1.4925373134328357,15.0,2021-09-06,Langat 2,7.3,27.13,5.17,0.71,0.05,0.09,3.7,33.0,0.55,5.75
249,6.983240223463687,60.59740259740259,-22.166666666666668,-1.8348623853211024,40.00000000000001,40.00000000000001,-0.5571030640668528,10.000000000000009,-3.4626865671641687,0.0,2021-09-07,Langat 2,7.66,61.83,4.67,1.07,0.07,0.14,3.57,32.34,0.55,5.0
250,3.4916201117318435,3.896103896103896,5.500000000000002,9.17431192660549,0.0,40.00000000000001,-0.5571030640668528,10.000000000000009,-7.462686567164178,0.0,2021-09-08,Langat 2,7.41,40.0,6.33,1.19,0.05,0.14,3.57,31.0,0.55,5.0
251,3.3519553072625725,-51.94805194805194,-47.16666666666667,4.587155963302736,-40.00000000000001,-60.0,1.6713091922005585,10.000000000000009,-7.462686567164178,0.0,2021-09-09,Langat 2,7.4,18.5,3.17,1.14,0.03,0.04,3.65,31.0,0.55,5.0
252,0.4189944134078247,-20.77922077922078,-16.666666666666664,-0.9174311926605512,0.0,-20.000000000000004,5.292479108635096,10.000000000000009,-7.462686567164178,0.0,2021-09-10,Langat 2,7.19,30.5,5.0,1.08,0.05,0.08,3.78,31.0,0.55,5.0
253,-1.1173184357541908,135.9220779220779,33.33333333333333,40.36697247706421,79.99999999999999,819.9999999999999,-1.9498607242339787,10.000000000000009,-10.44776119402985,0.0,2021-09-11,Langat 2,7.08,90.83,8.0,1.53,0.09,0.92,3.52,30.0,0.55,5.0
254,1.2569832402234618,-38.961038961038966,-5.500000000000002,-12.844036697247718,-40.00000000000001,-40.00000000000001,5.292479108635096,10.000000000000009,-1.8507462686567087,0.0,2021-09-12,Langat 2,7.25,23.5,5.67,0.95,0.03,0.06,3.78,32.88,0.55,5.0
255,0.4189944134078247,297.40259740259745,150.0,111.92660550458714,60.0,189.99999999999997,9.192200557103067,10.000000000000009,57.10447761194031,0.0,2021-09-13,Langat 2,7.19,153.0,15.0,2.31,0.08,0.29,3.92,52.63,0.55,5.0
256,-0.6983240223463663,353.68831168831167,233.33333333333334,115.59633027522935,199.99999999999997,290.00000000000006,3.8997214484679703,10.000000000000009,66.17910447761194,0.0,2021-09-14,Langat 2,7.11,174.67,20.0,2.35,0.15,0.39,3.73,55.67,0.55,5.0
257,0.13966480446927076,33.32467532467532,66.66666666666666,11.926605504587146,-40.00000000000001,9.999999999999995,0.5571030640668528,10.000000000000009,3.731343283582089,0.0,2021-09-15,Langat 2,7.17,51.33,10.0,1.22,0.03,0.11,3.61,34.75,0.55,5.0
258,1.2569832402234618,202.15584415584416,144.5,40.36697247706421,19.99999999999999,40.00000000000001,1.6713091922005585,10.000000000000009,33.701492537313435,0.0,2021-09-16,Langat 2,7.25,116.33,14.67,1.53,0.06,0.14,3.65,44.79,0.55,5.0
259,0.0,363.6363636363636,166.66666666666669,78.89908256880732,120.0,199.99999999999997,2.5069637883008444,10.000000000000009,88.92537313432835,0.0,2021-09-17,Langat 2,7.16,178.5,16.0,1.95,0.11,0.3,3.68,63.29,0.55,5.0
260,0.5586592178770954,677.922077922078,169.50000000000003,130.27522935779814,319.99999999999994,339.99999999999994,0.0,12.00000000000001,118.65671641791045,0.0,2021-09-18,Langat 2,7.2,299.5,16.17,2.51,0.21,0.44,3.59,73.25,0.56,5.0
261,-1.1173184357541908,760.1818181818182,252.83333333333337,95.41284403669722,100.0,349.99999999999994,-1.9498607242339787,10.000000000000009,98.50746268656717,0.0,2021-09-19,Langat 2,7.08,331.17,21.17,2.13,0.1,0.45,3.52,66.5,0.55,5.0
262,-0.5586592178770954,228.57142857142856,52.83333333333333,31.1926605504587,0.0,49.999999999999986,-1.1142061281337057,10.000000000000009,50.0,0.0,2021-09-20,Langat 2,7.12,126.5,9.17,1.43,0.05,0.15,3.55,50.25,0.55,5.0
263,-0.13966480446927076,196.10389610389612,58.333333333333336,45.87155963302752,280.0,130.0,-0.27855153203342026,10.000000000000009,39.074626865671654,0.0,2021-09-21,Langat 2,7.15,114.0,9.5,1.59,0.19,0.23,3.58,46.59,0.55,5.0
264,-0.2793296089385539,22.93506493506493,2.833333333333332,1.8348623853211024,60.0,60.0,0.0,10.000000000000009,17.43283582089553,0.0,2021-09-22,Langat 2,7.14,47.33,6.17,1.11,0.08,0.16,3.59,39.34,0.55,5.0
265,0.0,11.688311688311687,-2.833333333333332,11.926605504587146,19.99999999999999,30.0,-2.2284122562674114,10.000000000000009,11.194029850746269,0.0,2021-09-23,Langat 2,7.16,43.0,5.83,1.22,0.06,0.13,3.51,37.25,0.55,5.0
266,0.0,1.2987012987012987,-8.333333333333332,0.0,120.0,-10.000000000000009,-2.785515320334252,10.000000000000009,10.44776119402985,0.0,2021-09-24,Langat 2,7.16,39.0,5.5,1.09,0.11,0.09,3.49,37.0,0.55,5.0
267,0.837988826815637,-22.07792207792208,-22.166666666666668,38.53211009174311,-40.00000000000001,-10.000000000000009,-2.506963788300832,10.000000000000009,13.432835820895523,0.0,2021-09-25,Langat 2,7.22,30.0,4.67,1.51,0.03,0.09,3.5,38.0,0.55,5.0
268,0.9776536312849202,251.09090909090907,38.833333333333336,44.03669724770642,339.99999999999994,149.99999999999997,-1.392757660167126,10.000000000000009,22.388059701492537,0.0,2021-09-26,Langat 2,7.23,135.17,8.33,1.57,0.22,0.25,3.54,41.0,0.55,5.0
269,-0.2793296089385539,267.0909090909091,69.5,97.24770642201833,19.99999999999999,229.99999999999997,-3.6211699164345377,10.000000000000009,56.71641791044776,0.0,2021-09-27,Langat 2,7.14,141.33,10.17,2.15,0.06,0.33,3.46,52.5,0.55,5.0
270,-3.9106145251396685,623.3766233766235,155.5,185.32110091743115,359.99999999999994,480.0,-1.1142061281337057,12.00000000000001,77.61194029850746,0.0,2021-09-28,Langat 2,6.88,278.5,15.33,3.11,0.23,0.58,3.55,59.5,0.56,5.0
271,-4.1899441340782095,804.7532467532467,200.0,181.65137614678895,380.0,530.0,4.1782729805014025,13.99999999999999,97.01492537313433,0.0,2021-09-29,Langat 2,6.86,348.33,18.0,3.07,0.24,0.63,3.74,66.0,0.57,5.0
272,-4.6089385474860345,293.0649350649351,100.0,77.06422018348621,120.0,139.99999999999997,0.8356545961002856,13.99999999999999,65.49253731343283,0.0,2021-09-30,Langat 2,6.83,151.33,12.0,1.93,0.11,0.24,3.62,55.44,0.57,5.0
273,-100.0,-100.0,-100.0,-100.0,-100.0,-100.0,0.8356545961002856,6.000000000000005,28.35820895522388,0.0,2021-10-01,Langat 2,0.0,0.0,0.0,0.0,0.0,0.0,3.62,43.0,0.53,5.0
274,-100.0,-100.0,-100.0,-100.0,-100.0,-100.0,1.1142061281337057,6.000000000000005,7.462686567164178,0.0,2021-10-02,Langat 2,0.0,0.0,0.0,0.0,0.0,0.0,3.63,36.0,0.53,5.0
275,-100.0,-100.0,-100.0,-100.0,-100.0,-100.0,1.3927576601671383,6.000000000000005,6.7164179104477615,0.0,2021-10-03,Langat 2,0.0,0.0,0.0,0.0,0.0,0.0,3.64,35.75,0.53,5.0
276,3.9106145251396685,-2.0779220779220706,-11.166666666666664,-28.440366972477065,-20.000000000000004,9.999999999999995,-0.5571030640668528,6.000000000000005,0.0,0.0,2021-10-04,Langat 2,7.44,37.7,5.33,0.78,0.04,0.11,3.57,33.5,0.53,5.0
277,-0.2793296089385539,133.32467532467533,36.166666666666664,-2.7522935779816535,19.99999999999999,70.0,0.0,6.000000000000005,18.65671641791045,0.0,2021-10-05,Langat 2,7.14,89.83,8.17,1.06,0.06,0.17,3.59,39.75,0.53,5.0
278,2.0949720670390986,-24.935064935064936,-13.833333333333334,-32.11009174311927,40.00000000000001,0.0,-0.27855153203342026,6.000000000000005,17.91044776119403,0.0,2021-10-06,Langat 2,7.31,28.9,5.17,0.74,0.07,0.1,3.58,39.5,0.53,5.0
279,5.446927374301672,156.2857142857143,169.50000000000003,22.93577981651376,100.0,139.99999999999997,1.1142061281337057,6.000000000000005,15.671641791044777,0.0,2021-10-07,Langat 2,7.55,98.67,16.17,1.34,0.1,0.24,3.63,38.75,0.53,5.0
280,4.329608938547481,-12.129870129870133,-5.500000000000002,20.183486238532105,-20.000000000000004,9.999999999999995,-0.8356545961002733,6.000000000000005,1.4925373134328357,0.0,2021-10-08,Langat 2,7.47,33.83,5.67,1.31,0.04,0.11,3.56,34.0,0.53,5.0
281,3.770949720670385,-28.129870129870127,-44.5,5.5045871559632875,-40.00000000000001,-20.000000000000004,-2.2284122562674114,10.000000000000009,0.0,0.0,2021-10-09,Langat 2,7.43,27.67,3.33,1.15,0.03,0.08,3.51,33.5,0.55,5.0
282,0.5586592178770954,-35.92207792207792,-8.333333333333332,51.37614678899081,40.00000000000001,-10.000000000000009,-2.506963788300832,10.000000000000009,-1.4925373134328357,0.0,2021-10-10,Langat 2,7.2,24.67,5.5,1.65,0.07,0.09,3.5,33.0,0.55,5.0
283,0.4189944134078247,407.35064935064935,83.33333333333334,102.75229357798163,79.99999999999999,130.0,-1.392757660167126,10.000000000000009,-3.492537313432841,0.0,2021-10-11,Langat 2,7.19,195.33,11.0,2.21,0.09,0.23,3.54,32.33,0.55,5.0
284,0.9776536312849202,-44.5974025974026,-13.833333333333334,-13.76146788990827,-40.00000000000001,-50.0,-1.9498607242339787,10.000000000000009,-4.477611940298507,0.0,2021-10-12,Langat 2,7.23,21.33,5.17,0.94,0.03,0.05,3.52,32.0,0.55,5.0
285,1.536312849162003,-38.51948051948052,-8.333333333333332,16.5137614678899,-20.000000000000004,-30.0,-2.2284122562674114,10.000000000000009,4.477611940298507,0.0,2021-10-13,Langat 2,7.27,23.67,5.5,1.27,0.04,0.07,3.51,35.0,0.55,5.0
286,2.653631284916194,-54.54545454545454,-11.166666666666664,11.009174311926593,-40.00000000000001,-40.00000000000001,-1.9498607242339787,8.000000000000007,-2.2388059701492535,0.0,2021-10-14,Langat 2,7.35,17.5,5.33,1.21,0.03,0.06,3.52,32.75,0.54,5.0
287,3.4916201117318435,-56.28571428571429,-11.166666666666664,35.77981651376146,-20.000000000000004,-50.0,-0.5571030640668528,8.000000000000007,-4.477611940298507,0.0,2021-10-15,Langat 2,7.41,16.83,5.33,1.48,0.04,0.05,3.57,32.0,0.54,5.0
288,1.6759776536312863,-62.77922077922078,-30.5,34.8623853211009,-40.00000000000001,-60.0,-0.27855153203342026,15.999999999999993,-4.477611940298507,0.0,2021-10-16,Langat 2,7.28,14.33,4.17,1.47,0.03,0.04,3.58,32.0,0.58,5.0
289,1.815642458100557,-66.67532467532467,-19.499999999999996,33.94495412844035,-20.000000000000004,-60.0,1.3927576601671383,15.999999999999993,-4.477611940298507,0.0,2021-10-17,Langat 2,7.29,12.83,4.83,1.46,0.04,0.04,3.64,32.0,0.58,5.0
290,1.6759776536312863,-68.38961038961038,-33.33333333333333,28.44036697247705,-40.00000000000001,-40.00000000000001,2.2284122562674114,10.000000000000009,-4.477611940298507,0.0,2021-10-18,Langat 2,7.28,12.17,4.0,1.4,0.03,0.06,3.67,32.0,0.55,5.0
291,2.3743016759776525,-64.07792207792208,-19.499999999999996,29.3577981651376,-40.00000000000001,-50.0,-1.1142061281337057,10.000000000000009,-4.477611940298507,0.0,2021-10-19,Langat 2,7.33,13.83,4.83,1.41,0.03,0.05,3.55,32.0,0.55,5.0
292,2.5139664804469235,-29.01298701298702,-19.499999999999996,29.3577981651376,0.0,9.999999999999995,1.9498607242339914,10.000000000000009,-1.1044776119402908,0.0,2021-10-20,Langat 2,7.34,27.33,4.83,1.41,0.05,0.11,3.66,33.13,0.55,5.0
293,2.0949720670390986,33.32467532467532,-11.166666666666664,61.467889908256865,40.00000000000001,0.0,1.6713091922005585,10.000000000000009,10.955223880597021,0.0,2021-10-21,Langat 2,7.31,51.33,5.33,1.76,0.07,0.1,3.65,37.17,0.55,5.0
294,0.4189944134078247,453.24675324675326,177.83333333333334,130.27522935779814,280.0,370.0,1.6713091922005585,10.000000000000009,38.29850746268656,0.0,2021-10-22,Langat 2,7.19,213.0,16.67,2.51,0.19,0.47,3.65,46.33,0.55,5.0
295,-0.6983240223463663,0.0,5.500000000000002,10.091743119266043,-40.00000000000001,-20.000000000000004,3.064066852367697,10.000000000000009,11.940298507462686,0.0,2021-10-23,Langat 2,7.11,38.5,6.33,1.2,0.03,0.08,3.7,37.5,0.55,5.0
296,0.9776536312849202,-51.0909090909091,-27.833333333333332,0.9174311926605512,-40.00000000000001,-40.00000000000001,0.8356545961002856,10.000000000000009,11.940298507462686,0.0,2021-10-24,Langat 2,7.23,18.83,4.33,1.1,0.03,0.06,3.62,37.5,0.55,5.0
297,-0.6983240223463663,-23.376623376623375,-19.499999999999996,20.183486238532105,-40.00000000000001,-10.000000000000009,-1.6713091922005585,19.999999999999996,10.208955223880603,0.0,2021-10-25,Langat 2,7.11,29.5,4.83,1.31,0.03,0.09,3.53,36.92,0.6,5.0
298,-1.3966480446927447,210.3896103896104,105.5,81.65137614678898,100.0,130.0,-0.27855153203342026,19.999999999999996,22.895522388059707,0.0,2021-10-26,Langat 2,7.06,119.5,12.33,1.98,0.1,0.23,3.58,41.17,0.6,5.0
299,-1.5363128491620157,277.9220779220779,125.0,66.97247706422019,219.99999999999997,139.99999999999997,-1.6713091922005585,19.999999999999996,41.7910447761194,0.0,2021-10-27,Langat 2,7.05,145.5,13.5,1.82,0.16,0.24,3.53,47.5,0.6,5.0
300,-3.2122905027933015,137.66233766233768,61.16666666666667,25.688073394495415,79.99999999999999,49.999999999999986,-0.27855153203342026,19.999999999999996,43.55223880597016,0.0,2021-10-28,Langat 2,6.93,91.5,9.67,1.37,0.09,0.15,3.58,48.09,0.6,5.0
301,-1.815642458100557,16.02597402597403,2.833333333333332,11.926605504587146,-20.000000000000004,0.0,-0.27855153203342026,19.999999999999996,36.835820895522396,0.0,2021-10-29,Langat 2,7.03,44.67,6.17,1.22,0.04,0.1,3.58,45.84,0.6,5.0
302,0.837988826815637,-29.87012987012987,-19.499999999999996,3.6697247706421847,19.99999999999999,19.99999999999999,0.27855153203343264,15.999999999999993,20.149253731343283,0.0,2021-10-30,Langat 2,7.22,27.0,4.83,1.13,0.06,0.12,3.6,40.25,0.58,5.0
303,0.6983240223463663,288.75324675324674,66.66666666666666,112.84403669724767,240.0,170.0,0.27855153203343264,10.000000000000009,67.16417910447761,0.0,2021-10-31,Langat 2,7.21,149.67,10.0,2.32,0.17,0.27,3.6,56.0,0.55,5.0
304,-100.0,-100.0,-100.0,-100.0,-100.0,-100.0,1.3927576601671383,15.999999999999993,46.53731343283583,0.0,2021-11-01,Langat 2,0.0,0.0,0.0,0.0,0.0,0.0,3.64,49.09,0.58,5.0
305,-100.0,-100.0,-100.0,-100.0,-100.0,-100.0,-0.5571030640668528,15.999999999999993,37.55223880597015,0.0,2021-11-02,Langat 2,0.0,0.0,0.0,0.0,0.0,0.0,3.57,46.08,0.58,5.0
306,-100.0,-100.0,-100.0,-100.0,-100.0,-100.0,-0.5571030640668528,15.999999999999993,12.208955223880608,0.0,2021-11-03,Langat 2,0.0,0.0,0.0,0.0,0.0,0.0,3.57,37.59,0.58,5.0
307,3.0726256983240186,13.76623376623376,22.166666666666668,-23.85321100917432,19.99999999999999,49.999999999999986,0.27855153203343264,19.999999999999996,11.194029850746269,0.0,2021-11-04,Langat 2,7.38,43.8,7.33,0.83,0.06,0.15,3.6,37.25,0.6,5.0
308,0.27932960893854153,320.83116883116884,69.5,0.0,60.0,79.99999999999999,-0.5571030640668528,19.999999999999996,7.462686567164178,0.0,2021-11-05,Langat 2,7.18,162.02,10.17,1.09,0.08,0.18,3.57,36.0,0.6,5.0
309,2.0949720670390986,-16.83116883116882,-33.33333333333333,-33.94495412844037,0.0,-10.000000000000009,0.0,19.999999999999996,35.07462686567165,0.0,2021-11-06,Langat 2,7.31,32.02,4.0,0.72,0.05,0.09,3.59,45.25,0.6,5.0
310,6.145251396648037,124.23376623376623,36.166666666666664,39.44954128440366,40.00000000000001,89.99999999999999,0.8356545961002856,19.999999999999996,50.74626865671642,0.0,2021-11-07,Langat 2,7.6,86.33,8.17,1.52,0.07,0.19,3.62,50.5,0.6,5.0
311,4.6089385474860345,55.84415584415584,5.500000000000002,-8.256880733944962,-20.000000000000004,30.0,0.27855153203343264,19.999999999999996,23.88059701492537,0.0,2021-11-08,Langat 2,7.49,60.0,6.33,1.0,0.04,0.13,3.6,41.5,0.6,5.0
312,1.955307262569828,-20.77922077922078,-50.0,1.8348623853211024,-40.00000000000001,-10.000000000000009,0.8356545961002856,19.999999999999996,41.7910447761194,0.0,2021-11-09,Langat 2,7.3,30.5,3.0,1.11,0.03,0.09,3.62,47.5,0.6,5.0
313,0.0,-17.740259740259738,-2.833333333333332,61.467889908256865,40.00000000000001,9.999999999999995,1.3927576601671383,19.999999999999996,42.53731343283582,0.0,2021-11-10,Langat 2,7.16,31.67,5.83,1.76,0.07,0.11,3.64,47.75,0.6,5.0
314,-2.5139664804469235,327.2727272727273,122.16666666666667,88.99082568807339,219.99999999999997,199.99999999999997,1.9498607242339914,19.999999999999996,65.1641791044776,0.0,2021-11-11,Langat 2,6.98,164.5,13.33,2.06,0.16,0.3,3.66,55.33,0.6,5.0
315,0.5586592178770954,-29.87012987012987,22.166666666666668,-13.76146788990827,-20.000000000000004,-20.000000000000004,1.6713091922005585,19.999999999999996,11.940298507462686,0.0,2021-11-12,Langat 2,7.2,27.0,7.33,0.94,0.04,0.08,3.65,37.5,0.6,5.0
316,-4.469273743016763,54.987012987012996,27.833333333333332,33.0275229357798,40.00000000000001,19.99999999999999,1.9498607242339914,19.999999999999996,60.2089552238806,0.0,2021-11-13,Langat 2,6.84,59.67,7.67,1.45,0.07,0.12,3.66,53.67,0.6,5.0
317,-3.0726256983240186,-7.792207792207792,0.0,45.87155963302752,19.99999999999999,-20.000000000000004,0.27855153203343264,15.999999999999993,16.417910447761194,0.0,2021-11-14,Langat 2,6.94,35.5,6.0,1.59,0.06,0.08,3.6,39.0,0.58,5.0
318,0.27932960893854153,-46.31168831168831,2.833333333333332,29.3577981651376,-20.000000000000004,-60.0,0.0,13.99999999999999,8.447761194029846,0.0,2021-11-15,Langat 2,7.18,20.67,6.17,1.41,0.04,0.04,3.59,36.33,0.57,5.0
319,1.1173184357541908,8.233766233766238,16.666666666666664,50.45871559633025,40.00000000000001,-30.0,0.27855153203343264,19.999999999999996,29.850746268656714,0.0,2021-11-16,Langat 2,7.24,41.67,7.0,1.64,0.07,0.07,3.6,43.5,0.6,5.0
320,1.3966480446927325,60.18181818181818,19.499999999999996,43.11926605504587,19.99999999999999,9.999999999999995,0.0,19.999999999999996,26.865671641791046,0.0,2021-11-17,Langat 2,7.26,61.67,7.17,1.56,0.06,0.11,3.59,42.5,0.6,5.0
321,2.2346368715083815,181.8181818181818,47.16666666666667,94.4954128440367,100.0,100.0,-2.2284122562674114,19.999999999999996,53.37313432835822,0.0,2021-11-18,Langat 2,7.32,108.5,8.83,2.12,0.1,0.2,3.51,51.38,0.6,5.0
322,1.955307262569828,-4.337662337662342,8.333333333333332,60.55045871559632,-20.000000000000004,-20.000000000000004,-1.392757660167126,19.999999999999996,20.149253731343283,0.0,2021-11-19,Langat 2,7.3,36.83,6.5,1.75,0.04,0.08,3.54,40.25,0.6,5.0
323,2.0949720670390986,77.92207792207793,30.5,87.15596330275228,100.0,70.0,1.6713091922005585,15.999999999999993,32.83582089552239,0.0,2021-11-20,Langat 2,7.31,68.5,7.83,2.04,0.1,0.17,3.65,44.5,0.58,5.0
324,1.955307262569828,161.03896103896105,58.333333333333336,65.13761467889907,40.00000000000001,30.0,2.5069637883008444,10.000000000000009,-4.477611940298507,0.0,2021-11-21,Langat 2,7.3,100.5,9.5,1.8,0.07,0.13,3.68,32.0,0.55,5.0
325,-1.3966480446927447,196.10389610389612,47.16666666666667,51.37614678899081,60.0,40.00000000000001,2.5069637883008444,15.999999999999993,59.820895522388064,0.0,2021-11-22,Langat 2,7.06,114.0,8.83,1.65,0.08,0.14,3.68,53.54,0.58,5.0
326,0.837988826815637,525.1168831168831,150.0,69.72477064220183,120.0,9.999999999999995,3.064066852367697,15.999999999999993,82.08955223880598,0.0,2021-11-23,Langat 2,7.22,240.67,15.0,1.85,0.11,0.11,3.7,61.0,0.58,5.0
327,-4.748603351955305,466.67532467532465,177.83333333333334,121.10091743119267,160.0,120.0,0.0,15.999999999999993,91.4328358208955,0.0,2021-11-24,Langat 2,6.82,218.17,16.67,2.41,0.13,0.22,3.59,64.13,0.58,5.0
328,-4.748603351955305,600.8571428571428,227.83333333333337,75.22935779816513,100.0,209.99999999999997,0.0,15.999999999999993,68.65671641791045,0.0,2021-11-25,Langat 2,6.82,269.83,19.67,1.91,0.1,0.31,3.59,56.5,0.58,5.0
329,-2.932960893854748,735.922077922078,175.0,244.95412844036696,400.0,680.0,-0.5571030640668528,15.999999999999993,47.76119402985074,0.0,2021-11-26,Langat 2,6.95,321.83,16.5,3.76,0.25,0.78,3.57,49.5,0.58,5.0
330,-2.2346368715083815,417.7402597402597,202.83333333333337,143.11926605504584,319.99999999999994,329.99999999999994,0.0,15.999999999999993,64.17910447761194,0.0,2021-11-27,Langat 2,7.0,199.33,18.17,2.65,0.21,0.43,3.59,55.0,0.58,5.0
331,-1.2569832402234618,70.57142857142857,27.833333333333332,11.926605504587146,0.0,40.00000000000001,1.6713091922005585,10.000000000000009,25.37313432835821,0.0,2021-11-28,Langat 2,7.07,65.67,7.67,1.22,0.05,0.14,3.65,42.0,0.55,5.0
332,-0.6983240223463663,59.298701298701296,41.66666666666667,22.93577981651376,60.0,30.0,-0.27855153203342026,19.999999999999996,19.402985074626866,0.0,2021-11-29,Langat 2,7.11,61.33,8.5,1.34,0.08,0.13,3.58,40.0,0.6,5.0
333,-2.6536312849162065,249.79220779220776,100.0,117.43119266055044,339.99999999999994,280.0,2.5069637883008444,19.999999999999996,81.10447761194031,0.0,2021-11-30,Langat 2,6.97,134.67,12.0,2.37,0.22,0.38,3.68,60.67,0.6,5.0
334,-100.0,-100.0,-100.0,-100.0,-100.0,-100.0,,,,,2021-12-01,Langat 2,0.0,0.0,0.0,0.0,0.0,0.0,,,,
335,-100.0,-100.0,-100.0,-100.0,-100.0,-100.0,,,,,2021-12-02,Langat 2,0.0,0.0,0.0,0.0,0.0,0.0,,,,
336,-100.0,-100.0,-100.0,-100.0,-100.0,-100.0,,,,,2021-12-03,Langat 2,0.0,0.0,0.0,0.0,0.0,0.0,,,,
337,2.932960893854748,-45.14285714285714,-27.833333333333332,-45.87155963302753,-40.00000000000001,-50.0,,,,,2021-12-04,Langat 2,7.37,21.12,4.33,0.59,0.03,0.05,,,,
338,-2.2346368715083815,1061.896103896104,272.16666666666663,297.2477064220183,260.0,890.0,,,,,2021-12-05,Langat 2,7.0,447.33,22.33,4.33,0.18,0.99,,,,
339,2.5139664804469235,-46.701298701298704,-16.666666666666664,-23.85321100917432,-60.0,-50.0,,,,,2021-12-06,Langat 2,7.34,20.52,5.0,0.83,0.02,0.05,,,,
340,4.469273743016763,618.6233766233767,241.66666666666666,197.24770642201835,319.99999999999994,550.0,,,,,2021-12-07,Langat 2,7.48,276.67,20.5,3.24,0.21,0.65,,,,
341,0.9776536312849202,-16.54545454545454,11.166666666666664,-23.85321100917432,0.0,-50.0,,,,,2021-12-08,Langat 2,7.23,32.13,6.67,0.83,0.05,0.05,,,,
342,1.2569832402234618,-37.66233766233766,-33.33333333333333,75.22935779816513,-60.0,-40.00000000000001,,,,,2021-12-09,Langat 2,7.25,24.0,4.0,1.91,0.02,0.06,,,,
343,-0.8379888268156493,-33.76623376623377,-8.333333333333332,17.43119266055045,-20.000000000000004,-30.0,,,,,2021-12-10,Langat 2,7.1,25.5,5.5,1.28,0.04,0.07,,,,
344,1.2569832402234618,0.0,8.333333333333332,33.94495412844035,-40.00000000000001,9.999999999999995,,,,,2021-12-11,Langat 2,7.25,38.5,6.5,1.46,0.03,0.11,,,,
345,-0.13966480446927076,341.99999999999994,144.5,30.27522935779815,40.00000000000001,19.99999999999999,,,,,2021-12-12,Langat 2,7.15,170.17,14.67,1.42,0.07,0.12,,,,
346,-1.2569832402234618,-14.72727272727273,0.0,-21.100917431192666,0.0,-10.000000000000009,,,,,2021-12-13,Langat 2,7.07,32.83,6.0,0.86,0.05,0.09,,,,
347,-0.5586592178770954,0.8571428571428527,0.0,-19.266055045871568,-40.00000000000001,0.0,,,,,2021-12-14,Langat 2,7.12,38.83,6.0,0.88,0.03,0.1,,,,
348,-0.2793296089385539,2.1558441558441515,0.0,-19.266055045871568,-20.000000000000004,-40.00000000000001,,,,,2021-12-15,Langat 2,7.14,39.33,6.0,0.88,0.04,0.06,,,,
349,-0.9776536312849202,26.41558441558442,5.500000000000002,-10.091743119266065,-60.0,-30.0,,,,,2021-12-16,Langat 2,7.09,48.67,6.33,0.98,0.02,0.07,,,,
350,-1.815642458100557,12.54545454545454,2.833333333333332,3.6697247706421847,-20.000000000000004,0.0,,,,,2021-12-17,Langat 2,7.03,43.33,6.17,1.13,0.04,0.1,,,,
351,0.5586592178770954,329.01298701298697,58.333333333333336,32.11009174311925,180.0,40.00000000000001,,,,,2021-12-18,Langat 2,7.2,165.17,9.5,1.44,0.14,0.14,,,,
352,-0.2793296089385539,391.7662337662338,122.16666666666667,55.04587155963301,319.99999999999994,109.99999999999999,,,,,2021-12-19,Langat 2,7.14,189.33,13.33,1.69,0.21,0.21,,,,
353,-6.14525139664805,4351.948051948052,300.0,273.39449541284404,900.0,489.99999999999994,,,,,2021-12-20,Langat 2,6.72,1714.0,24.0,4.07,0.5,0.59,,,,
354,-6.703910614525145,1232.4675324675325,183.33333333333331,288.0733944954129,1119.9999999999998,540.0,,,,,2021-12-21,Langat 2,6.68,513.0,17.0,4.23,0.61,0.64,,,,
355,-3.631284916201114,755.8441558441558,208.33333333333334,285.3211009174312,919.9999999999999,560.0,,,,,2021-12-22,Langat 2,6.9,329.5,18.5,4.2,0.51,0.66,,,,
356,-4.6089385474860345,1106.935064935065,275.0,142.2018348623853,560.0,189.99999999999997,,,,,2021-12-23,Langat 2,6.83,464.67,22.5,2.64,0.33,0.29,,,,
357,-4.6089385474860345,254.10389610389612,158.33333333333331,19.266055045871553,319.99999999999994,60.0,,,,,2021-12-24,Langat 2,6.83,136.33,15.5,1.3,0.21,0.16,,,,
358,-4.748603351955305,229.01298701298703,175.0,34.8623853211009,380.0,130.0,,,,,2021-12-25,Langat 2,6.82,126.67,16.5,1.47,0.24,0.23,,,,
359,-2.932960893854748,111.24675324675324,41.66666666666667,1.8348623853211024,0.0,60.0,,,,,2021-12-26,Langat 2,6.95,81.33,8.5,1.11,0.05,0.16,,,,
360,-2.793296089385477,99.14285714285714,33.33333333333333,5.5045871559632875,-20.000000000000004,70.0,,,,,2021-12-27,Langat 2,6.96,76.67,8.0,1.15,0.04,0.17,,,,
361,-2.932960893854748,226.83116883116884,147.16666666666666,23.85321100917431,79.99999999999999,79.99999999999999,,,,,2021-12-28,Langat 2,6.95,125.83,14.83,1.35,0.09,0.18,,,,
362,-2.5139664804469235,48.4935064935065,27.833333333333332,-11.926605504587167,0.0,9.999999999999995,,,,,2021-12-29,Langat 2,6.98,57.17,7.67,0.96,0.05,0.11,,,,
363,-2.3743016759776525,39.40259740259741,16.666666666666664,-8.256880733944962,0.0,9.999999999999995,,,,,2021-12-30,Langat 2,6.99,53.67,7.0,1.0,0.05,0.11,,,,
364,-3.4916201117318435,361.038961038961,161.16666666666666,56.88073394495411,260.0,319.99999999999994,,,,,2021-12-31,Langat 2,6.91,177.5,15.67,1.71,0.18,0.42,,,,
