,pH_avg_chpctm,Turbidity_avg_chpctm,Color_avg_chpctm,Iron_avg_chpctm,Ammonia_avg_chpctm,Manganese_avg_chpctm,Coagulant_chpctm,pH Adjuster_chpctm,Disinfectant_chpctm,Flouridation_chpctm,Date,wtp,pH_avg,Turbidity_avg,Color_avg,Iron_avg,Ammonia_avg,Manganese_avg,Disinfectant,Coagulant,Flouridation,pH Adjuster
0,1.5761821366024493,-7.02384841555047,-6.682067571469805,20.689655172413797,23.52941176470587,40.00000000000001,-6.05427974947808,14.109483423284509,-2.702702702702698,9.615384615384603,2021-04-01,Sungai Tengi,5.8,14.23,80.79,1.05,0.21,0.07,3.24,9.0,0.57,22.2
1,2.2767075306479843,-7.5465534139170165,12.850129945134295,32.183908045977,17.64705882352941,-20.000000000000004,-6.05427974947808,14.109483423284509,5.105105105105103,9.615384615384603,2021-04-02,Sungai Tengi,5.84,14.15,97.7,1.15,0.2,0.04,3.5,9.0,0.57,22.2
2,3.6777583187390537,-13.23097027115322,34.27663875252673,40.22988505747126,17.64705882352941,-40.00000000000001,-26.931106471816285,-21.870984322796193,5.105105105105103,-1.9230769230769247,2021-04-03,Sungai Tengi,5.92,13.28,116.25,1.22,0.2,0.03,3.5,7.0,0.51,15.2
3,5.4290718038528825,-18.719372754001963,17.909327172971427,33.33333333333333,-76.47058823529412,0.0,-26.931106471816285,-14.726291441788735,9.609609609609604,1.9230769230769247,2021-04-04,Sungai Tengi,6.02,12.44,102.08,1.16,0.04,0.05,3.65,7.0,0.53,16.59
4,7.005253940455347,-22.051617118588695,0.29454230436039236,47.1264367816092,-5.8823529411764754,-20.000000000000004,-26.931106471816285,-12.104857363145706,6.906906906906906,5.7692307692307745,2021-04-05,Sungai Tengi,6.11,11.93,86.83,1.28,0.16,0.04,3.56,7.0,0.55,17.1
5,3.3274956217162943,449.624305782424,346.433727981519,100.0,217.6470588235294,180.0,64.40501043841336,27.884862503212567,11.111111111111114,3.8461538461538494,2021-04-06,Sungai Tengi,5.9,84.12,386.5,1.74,0.54,0.14,3.7,15.75,0.54,24.880000000000003
6,-0.35026269702275964,68.57236197321139,44.38348252959863,31.03448275862068,41.17647058823528,19.99999999999999,24.4258872651357,13.64687740940633,8.108108108108109,0.0,2021-04-07,Sungai Tengi,5.69,25.8,125.0,1.14,0.24,0.06,3.6,11.92,0.52,22.11
7,0.7005253940455347,466.1548513557661,250.38983540283,108.04597701149426,164.7058823529412,300.00000000000006,56.57620041753654,10.819840657928555,9.30930930930931,-1.9230769230769247,2021-04-08,Sungai Tengi,5.75,86.65,303.35,1.81,0.45,0.2,3.64,15.0,0.51,21.56
8,-0.8756567425569146,620.0261352499184,441.92318798729434,72.41379310344827,164.7058823529412,219.99999999999997,100.93945720250521,20.380364944744283,5.705705705705704,0.0,2021-04-09,Sungai Tengi,5.66,110.2,469.17,1.5,0.45,0.16,3.52,19.25,0.52,23.419999999999998
9,-3.3274956217162943,74.06076445606011,108.8940225238233,8.045977011494248,47.058823529411754,40.00000000000001,25.260960334029225,1.105114366486782,3.3033033033032995,9.615384615384603,2021-04-10,Sungai Tengi,5.52,26.64,180.85,0.94,0.25,0.07,3.44,12.0,0.57,19.67
10,-0.8756567425569146,44.65860829794185,58.15189142362115,21.839080459770123,23.52941176470587,0.0,23.486430062630482,-4.754561809303507,3.603603603603607,19.230769230769226,2021-04-11,Sungai Tengi,5.66,22.14,136.92,1.06,0.21,0.05,3.45,11.83,0.62,18.53
11,0.7005253940455347,28.520091473374727,59.00664164019638,25.287356321839088,-23.529411764705884,0.0,4.384133611691022,-9.483423284502694,5.105105105105103,-1.9230769230769247,2021-04-12,Sungai Tengi,5.75,19.67,137.66,1.09,0.13,0.05,3.5,10.0,0.51,17.61
12,-3.852889667250434,1514.047696831101,798.8391568004622,79.3103448275862,152.94117647058823,319.99999999999994,185.28183716075156,29.272680544847084,3.9039039039039007,-5.7692307692307745,2021-04-13,Sungai Tengi,5.49,247.03,778.17,1.56,0.43,0.21,3.46,27.33,0.49,25.15
13,-4.378283712784588,82.03201568114994,44.4989893156223,26.436781609195414,5.8823529411764595,60.0,23.173277661795414,8.45540992032898,4.204204204204208,-3.8461538461538494,2021-04-14,Sungai Tengi,5.46,27.86,125.1,1.1,0.18,0.08,3.47,11.8,0.5,21.1
14,-5.253940455341503,724.8938255472067,56.176725382616254,34.482758620689644,217.6470588235294,219.99999999999997,96.55532359081418,19.14674890773581,-1.8018018018018036,5.7692307692307745,2021-04-15,Sungai Tengi,5.41,126.25,135.21,1.17,0.54,0.16,3.27,18.83,0.55,23.18
15,-6.304728546409813,96.07971251225092,81.92318798729428,17.241379310344833,-5.8823529411764754,60.0,29.645093945720248,15.548702133127742,-4.204204204204208,1.9230769230769247,2021-04-16,Sungai Tengi,5.35,30.01,157.5,1.02,0.16,0.08,3.19,12.42,0.53,22.48
16,-5.4290718038528825,823.031688990526,283.63268842044477,66.66666666666666,264.7058823529411,319.99999999999994,102.71398747390398,26.291441788743263,-4.504504504504501,3.8461538461538494,2021-04-17,Sungai Tengi,5.4,141.27,332.13,1.45,0.62,0.21,3.18,19.42,0.54,24.57
17,-6.830122591943952,617.4126102580856,577.297141207046,33.33333333333333,276.4705882352941,480.0,73.27766179540711,35.85196607555899,-5.705705705705704,-3.8461538461538494,2021-04-18,Sungai Tengi,5.32,109.8,586.37,1.16,0.64,0.29,3.14,16.6,0.5,26.43
18,-7.880910683012263,236.09931394968964,188.95177591683515,-25.287356321839077,58.82352941176471,100.0,69.10229645093945,54.71601130814703,-6.606606606606611,11.538461538461526,2021-04-19,Sungai Tengi,5.26,51.44,250.16,0.65,0.27,0.1,3.11,16.2,0.58,30.1
19,-7.5306479859894875,28.846782097353802,-5.226682067571461,-33.333333333333336,-100.0,0.0,14.822546972860124,35.49216139809818,-6.006006006006012,111.53846153846155,2021-04-20,Sungai Tengi,5.28,19.72,82.05,0.58,0.0,0.05,3.13,11.0,1.1,26.36
20,-5.078809106830123,703.9856256125449,671.3427663875253,21.839080459770123,352.9411764705882,319.99999999999994,89.97912317327766,21.40837830891803,14.114114114114107,17.307692307692303,2021-04-21,Sungai Tengi,5.42,123.05,667.79,1.06,0.77,0.21,3.8,18.2,0.61,23.62
21,-8.406304728546402,261.77719699444623,239.28963326595442,-33.333333333333336,17.64705882352941,19.99999999999999,75.36534446764092,39.55281418658445,18.01801801801802,17.307692307692303,2021-04-22,Sungai Tengi,5.23,55.37,293.74,0.58,0.2,0.06,3.93,16.8,0.61,27.150000000000002
22,-5.604203152364278,16.563214635739957,16.10742131100203,-49.42528735632184,-23.529411764705884,400.0,15.866388308977031,23.464405037265493,-2.1021021021021107,17.307692307692303,2021-04-23,Sungai Tengi,5.39,17.84,100.52,0.44,0.13,0.25,3.26,11.1,0.61,24.02
23,-8.056042031523642,1.3394315583142768,-20.66993935893732,-14.942528735632186,-29.41176470588236,0.0,4.384133611691022,10.357234644050378,-2.1021021021021107,5.7692307692307745,2021-04-24,Sungai Tengi,5.25,15.51,68.68,0.74,0.12,0.05,3.26,10.0,0.55,21.47
24,-4.203152364273208,-7.873244037896113,-31.27346231591105,-2.2988505747126458,-23.529411764705884,0.0,4.384133611691022,14.058082755075832,-3.3033033033032995,5.7692307692307745,2021-04-25,Sungai Tengi,5.47,14.1,59.5,0.85,0.13,0.05,3.22,10.0,0.55,22.19
25,-6.304728546409813,574.3547860176413,360.25989026855336,14.942528735632186,170.58823529411765,0.0,55.42797494780793,17.75893086610127,-2.1021021021021107,-1.9230769230769247,2021-04-26,Sungai Tengi,5.35,103.21,398.47,1.0,0.46,0.05,3.26,14.89,0.51,22.91
26,-9.281961471103333,170.82652727866713,68.27028587929543,80.45977011494254,5.8823529411764595,199.99999999999997,62.421711899791234,28.398869185299404,-1.8018018018018036,-5.7692307692307745,2021-04-27,Sungai Tengi,5.18,41.45,145.68,1.57,0.18,0.15,3.27,15.56,0.49,24.979999999999997
27,-8.406304728546402,15.779157138190127,-4.914813745307532,-16.09195402298851,-11.764705882352951,40.00000000000001,-14.196242171189974,20.945772295039852,-0.30030030030030724,0.0,2021-04-28,Sungai Tengi,5.23,17.72,82.32,0.73,0.15,0.07,3.32,8.22,0.52,23.53
28,-6.479859894921193,-5.129042796471742,-23.338146116084303,1.1494252873563229,-23.529411764705884,19.99999999999999,4.384133611691022,17.450526856849137,-2.1021021021021107,5.7692307692307745,2021-04-29,Sungai Tengi,5.34,14.52,66.37,0.88,0.13,0.06,3.26,10.0,0.55,22.849999999999998
29,-5.4290718038528825,-10.160078405749754,-14.952353450765226,2.2988505747126458,-11.764705882352951,19.99999999999999,-7.202505219206675,15.754304805962486,-2.1021021021021107,5.7692307692307745,2021-04-30,Sungai Tengi,5.4,13.75,73.63,0.89,0.15,0.06,3.26,8.89,0.55,22.52
30,0.8756567425569146,96.07971251225092,157.44152468957554,60.91954022988505,17.64705882352941,79.99999999999999,30.48016701461378,16.26831148804936,23.423423423423433,7.692307692307699,2021-08-01,Sungai Tengi,5.76,30.01,222.88,1.4,0.2,0.09,4.11,12.5,0.56,22.62
31,5.078809106830123,13.884351519111402,51.98382904995672,25.287356321839088,47.058823529411754,0.0,6.993736951983298,4.703161141094848,23.423423423423433,7.692307692307699,2021-08-02,Sungai Tengi,6.0,17.43,131.58,1.09,0.25,0.05,4.11,10.25,0.56,20.37
32,5.604203152364278,-14.080365893498852,11.90297429974012,6.896551724137938,-35.294117647058826,-40.00000000000001,2.6096033402922756,-3.4181444358776627,23.423423423423433,7.692307692307699,2021-08-03,Sungai Tengi,6.03,13.15,96.88,0.93,0.11,0.03,4.11,9.83,0.56,18.79
33,-0.8756567425569146,335.0212348905586,242.6739820964482,105.74712643678161,-23.529411764705884,380.0,93.9457202505219,28.707273194551554,23.423423423423433,7.692307692307699,2021-08-04,Sungai Tengi,5.66,66.58,296.67,1.79,0.13,0.24,4.11,18.58,0.56,25.040000000000003
34,2.451838879159364,88.82718065991504,101.94051400519784,20.689655172413797,11.764705882352935,19.99999999999999,33.08977035490605,3.8293497815471658,23.423423423423433,7.692307692307699,2021-08-05,Sungai Tengi,5.85,28.9,174.83,1.05,0.19,0.06,4.11,12.75,0.56,20.2
35,4.028021015761829,-27.34400522704999,-6.924631822119539,21.839080459770123,-41.1764705882353,-20.000000000000004,14.822546972860124,-3.880750449755842,14.714714714714708,7.692307692307699,2021-08-06,Sungai Tengi,5.94,11.12,80.58,1.06,0.1,0.04,3.82,11.0,0.56,18.7
36,2.2767075306479843,-2.123489055864092,43.95610742131101,2.2988505747126458,11.764705882352935,-40.00000000000001,4.384133611691022,-8.661012593163706,5.705705705705704,7.692307692307699,2021-08-07,Sungai Tengi,5.84,14.98,124.63,0.89,0.19,0.03,3.52,10.0,0.56,17.77
37,8.231173380035022,35.05390395295656,88.3915680046203,5.747126436781615,17.64705882352941,-20.000000000000004,8.559498956158667,-1.464919043947554,5.705705705705704,7.692307692307699,2021-08-08,Sungai Tengi,6.18,20.67,163.1,0.92,0.2,0.04,3.52,10.4,0.56,19.17
38,4.5534150612959685,480.52923881084604,528.5879295408606,58.6206896551724,270.5882352941176,260.0,67.01461377870564,16.525314829092796,5.705705705705704,7.692307692307699,2021-08-09,Sungai Tengi,5.97,88.85,544.2,1.38,0.63,0.18,3.52,16.0,0.56,22.67
39,3.1523642732048986,101.89480561907874,159.0817210511118,17.241379310344833,-100.0,60.0,31.524008350730686,14.983294782832173,5.705705705705704,7.692307692307699,2021-08-10,Sungai Tengi,5.89,30.9,224.3,1.02,0.0,0.08,3.52,12.6,0.56,22.369999999999997
40,2.451838879159364,182.52205161711862,255.7031475599192,13.793103448275861,-5.8823529411764754,1099.9999999999998,37.78705636743214,12.413261372397837,5.705705705705704,7.692307692307699,2021-08-11,Sungai Tengi,5.85,43.24,307.95,0.99,0.16,0.6,3.52,13.2,0.56,21.869999999999997
41,5.4290718038528825,-17.543286507677234,37.1643084031187,13.793103448275861,-11.764705882352951,19.99999999999999,18.99791231732777,1.6191210485736383,5.705705705705704,7.692307692307699,2021-08-12,Sungai Tengi,6.02,12.62,118.75,0.99,0.15,0.06,3.52,11.4,0.56,19.77
42,5.954465849387038,17.34727213328978,62.86456829338726,8.045977011494248,100.0,40.00000000000001,9.603340292275574,-4.548959136468764,5.705705705705704,7.692307692307699,2021-08-13,Sungai Tengi,6.05,17.96,141.0,0.94,0.34,0.07,3.52,10.5,0.56,18.57
43,5.954465849387038,-22.37830774256778,22.725960150158837,9.19540229885057,-58.82352941176471,-40.00000000000001,-0.835073068893529,-11.231046003598042,5.705705705705704,7.692307692307699,2021-08-14,Sungai Tengi,6.05,11.88,106.25,0.95,0.07,0.03,3.52,9.5,0.56,17.27
44,0.0,551.09441359033,243.96765809991345,22.988505747126446,264.7058823529411,180.0,83.50730688935279,16.62811616551015,-6.306306306306306,7.692307692307699,2021-08-15,Sungai Tengi,5.71,99.65,297.79,1.07,0.62,0.14,3.12,17.58,0.56,22.689999999999998
45,-4.5534150612959685,502.7442012414244,313.8492636442392,5.747126436781615,311.76470588235287,240.0,86.11691022964507,28.60447185813417,-6.306306306306306,7.692307692307699,2021-08-16,Sungai Tengi,5.45,92.25,358.29,0.92,0.7,0.17,3.12,17.83,0.56,25.02
46,-8.056042031523642,483.3387781770663,376.072769275195,-36.78160919540229,129.41176470588235,100.0,101.46137787056368,40.16962220508869,-6.306306306306306,7.692307692307699,2021-08-17,Sungai Tengi,5.25,89.28,412.16,0.55,0.39,0.1,3.12,19.3,0.56,27.270000000000003
47,-7.005253940455347,1107.5138843515192,587.9468668784292,49.425287356321846,635.2941176470588,480.0,124.4258872651357,42.63685427910564,0.0,7.692307692307699,2021-08-18,Sungai Tengi,5.31,184.81,595.59,1.3,1.25,0.29,3.33,21.5,0.56,27.75
48,-12.25919439579685,236.62201894805622,282.4429685244009,-42.5287356321839,70.58823529411762,139.99999999999997,71.18997912317326,39.809817527627864,0.0,0.0,2021-08-19,Sungai Tengi,5.01,51.52,331.1,0.5,0.29,0.12,3.33,16.4,0.52,27.2
49,-8.931698774080557,571.8065991506043,528.2183078255848,-18.390804597701152,129.41176470588235,139.99999999999997,87.89144050104383,31.791313287072747,0.0,7.692307692307699,2021-08-20,Sungai Tengi,5.2,102.82,543.88,0.71,0.39,0.12,3.33,18.0,0.56,25.64
50,-8.581436077057797,68.83371447239465,93.56627201848113,-49.42528735632184,23.52941176470587,139.99999999999997,29.43632567849687,21.305576972500642,0.0,7.692307692307699,2021-08-21,Sungai Tengi,5.22,25.84,167.58,0.44,0.21,0.12,3.33,12.4,0.56,23.599999999999998
51,-11.033274956217161,145.73668735707287,192.65954374819526,-25.287356321839077,647.0588235294118,60.0,-1.8789144050104356,9.997429966589568,0.0,7.692307692307699,2021-08-22,Sungai Tengi,5.08,37.61,253.37,0.65,1.27,0.08,3.33,9.4,0.56,21.4
52,-10.507880910683006,599.0525971904607,627.5079410915394,64.36781609195403,76.4705882352941,520.0,106.68058455114824,45.97789771267027,0.0,7.692307692307699,2021-08-23,Sungai Tengi,5.11,106.99,629.84,1.43,0.3,0.31,3.33,19.8,0.56,28.4
53,-9.982486865148866,121.36556680823263,155.20069304071617,-44.827586206896555,-47.05882352941177,139.99999999999997,17.432150313152402,37.75379079928041,0.0,7.692307692307699,2021-08-24,Sungai Tengi,5.14,33.88,220.94,0.48,0.09,0.12,3.33,11.25,0.56,26.8
54,-16.637478108581437,104.63900686050312,34.73866589662145,-60.91954022988506,-23.529411764705884,0.0,33.08977035490605,28.8614751991776,0.0,21.15384615384615,2021-08-25,Sungai Tengi,4.76,31.32,116.65,0.34,0.13,0.05,3.33,12.75,0.63,25.07
55,-18.03852889667251,-33.35511270826528,-21.17816921744152,-56.32183908045977,-52.94117647058824,0.0,-6.05427974947808,27.473657157543062,0.0,7.692307692307699,2021-08-26,Sungai Tengi,4.68,10.2,68.24,0.38,0.08,0.05,3.33,9.0,0.56,24.8
56,-8.406304728546402,-31.786997713165633,-25.636731157955527,-39.08045977011494,11.764705882352935,-20.000000000000004,-15.553235908141966,5.165767154973029,-1.5015015015015094,7.692307692307699,2021-08-27,Sungai Tengi,5.23,10.44,64.38,0.53,0.19,0.04,3.28,8.09,0.56,20.46
57,-5.253940455341503,-33.093760209082,-12.59601501588217,-22.988505747126432,-17.64705882352941,-20.000000000000004,4.384133611691022,17.861732202518642,0.0,11.538461538461526,2021-08-28,Sungai Tengi,5.41,10.24,75.67,0.67,0.14,0.04,3.33,10.0,0.58,22.93
58,-4.028021015761813,450.01633453119894,429.93358359803653,6.896551724137938,111.76470588235293,120.0,108.76826722338204,33.641737342585465,0.0,7.692307692307699,2021-08-29,Sungai Tengi,5.48,84.18,458.79,0.93,0.36,0.11,3.33,20.0,0.56,26.0
59,-10.507880910683006,-15.583142763802677,15.07941091539129,-26.436781609195396,-47.05882352941177,40.00000000000001,-7.098121085594987,11.539450012850173,0.0,7.692307692307699,2021-08-30,Sungai Tengi,5.11,12.92,99.63,0.64,0.09,0.07,3.33,8.9,0.56,21.7
60,-10.332749562171626,-22.770336491342697,-1.6921744152468836,-26.436781609195396,-70.58823529411765,19.99999999999999,-17.640918580375786,-2.3387304034952368,0.0,7.692307692307699,2021-08-31,Sungai Tengi,5.12,11.82,85.11,0.64,0.05,0.06,3.33,7.89,0.56,19.0
61,1.2259194395796897,-15.97517151257759,-93.98209644816635,2.2988505747126458,-41.1764705882353,-20.000000000000004,-45.19832985386221,-22.28218966846568,7.8078078078078015,-1.9230769230769247,2021-02-01,Sungai Tengi,5.78,12.86,5.21,0.89,0.1,0.04,3.59,5.25,0.51,15.120000000000001
62,1.9264448336252245,-19.76478275073506,-93.40456251804794,1.1494252873563229,-23.529411764705884,-40.00000000000001,-47.80793319415449,-32.20251863274221,12.01201201201201,-5.7692307692307745,2021-02-02,Sungai Tengi,5.82,12.28,5.71,0.88,0.13,0.03,3.73,5.0,0.49,13.190000000000001
63,1.5761821366024493,156.58281607317872,-90.47069015304649,93.10344827586206,194.11764705882348,120.0,1.7745302713987468,-15.80570547417116,10.210210210210207,-1.9230769230769247,2021-02-03,Sungai Tengi,5.8,39.27,8.25,1.68,0.5,0.11,3.67,9.75,0.51,16.38
64,1.0507880910682945,43.351845802025494,-93.88969101934738,11.494252873563216,-29.41176470588236,60.0,0.9394572025052178,-12.567463377023905,11.711711711711716,0.0,2021-02-04,Sungai Tengi,5.77,21.94,5.29,0.97,0.12,0.08,3.72,9.67,0.52,17.009999999999998
65,1.9264448336252245,-40.934335184580206,-97.68986427952642,-25.287356321839077,23.52941176470587,-60.0,-47.80793319415449,-31.277306604985856,12.01201201201201,7.692307692307699,2021-02-05,Sungai Tengi,5.82,9.04,2.0,0.65,0.21,0.02,3.73,5.0,0.56,13.370000000000001
66,2.2767075306479843,116.46520744854625,-93.0233901241698,2.2988505747126458,111.76470588235293,0.0,4.384133611691022,-3.006939090208159,12.01201201201201,7.692307692307699,2021-02-06,Sungai Tengi,5.84,33.13,6.04,0.89,0.36,0.05,3.73,10.0,0.56,18.87
67,1.5761821366024493,51.976478275073525,-94.70978920011551,5.747126436781615,82.35294117647058,0.0,35.699373695198325,1.4649190439475905,-8.408408408408416,1.9230769230769247,2021-02-07,Sungai Tengi,5.8,23.26,4.58,0.92,0.31,0.05,3.05,13.0,0.53,19.740000000000002
68,-2.451838879159364,513.8516824567135,279.6361536240255,25.287356321839088,23.52941176470587,19.99999999999999,93.1106471816284,26.03443844769983,-7.5075075075075075,-1.9230769230769247,2021-02-08,Sungai Tengi,5.57,93.95,328.67,1.09,0.21,0.06,3.08,18.5,0.51,24.52
69,-4.5534150612959685,61.25449199607972,134.14380594859952,-14.942528735632186,0.0,40.00000000000001,46.13778705636743,7.478797224363927,-8.408408408408416,-5.7692307692307745,2021-02-09,Sungai Tengi,5.45,24.68,202.71,0.74,0.17,0.07,3.05,14.0,0.49,20.91
70,-1.4010507880910694,-4.410323423717733,-23.90412936760034,-22.988505747126432,-23.529411764705884,-20.000000000000004,-6.05427974947808,-9.997429966589568,-1.2012012012012023,3.8461538461538494,2021-02-10,Sungai Tengi,5.63,14.63,65.88,0.67,0.13,0.04,3.29,9.0,0.54,17.509999999999998
71,0.0,-13.949689643907218,-31.654634709789185,-4.5977011494252915,-11.764705882352951,-60.0,-30.37578288100209,-32.253919300950905,7.8078078078078015,7.692307692307699,2021-02-11,Sungai Tengi,5.71,13.17,59.17,0.83,0.15,0.02,3.59,6.67,0.56,13.18
72,1.4010507880910694,-0.8167265599477296,-23.961882760612177,-6.896551724137924,58.82352941176471,-40.00000000000001,-33.92484342379959,-36.62297609868928,-3.3033033033032995,0.0,2021-02-12,Sungai Tengi,5.79,15.18,65.83,0.81,0.27,0.03,3.22,6.33,0.52,12.33
73,1.4010507880910694,-5.978438418817374,-18.509962460294535,13.793103448275861,23.52941176470587,0.0,-8.141962421711893,-20.123361603700847,-0.6006006006006012,3.8461538461538494,2021-02-13,Sungai Tengi,5.79,14.39,70.55,0.99,0.21,0.05,3.31,8.8,0.54,15.54
74,2.2767075306479843,-24.795818360013065,-38.49263644239098,19.540229885057474,-41.1764705882353,0.0,-29.540709812108563,-27.833461835003853,-8.108108108108109,-1.9230769230769247,2021-02-14,Sungai Tengi,5.84,11.51,53.25,1.04,0.1,0.05,3.06,6.75,0.51,14.04
75,2.626970227670759,-24.207775236850704,-38.25007219174126,16.09195402298851,-23.529411764705884,0.0,-16.49269311064718,-23.567206373682847,-8.108108108108109,-1.9230769230769247,2021-02-15,Sungai Tengi,5.86,11.6,53.46,1.01,0.13,0.05,3.06,8.0,0.51,14.870000000000001
76,3.3274956217162943,-17.412610258085586,-28.431995379728548,24.13793103448277,-17.64705882352941,-20.000000000000004,-16.49269311064718,-23.567206373682847,-8.108108108108109,-1.9230769230769247,2021-02-16,Sungai Tengi,5.9,12.64,61.96,1.08,0.14,0.04,3.06,8.0,0.51,14.870000000000001
77,3.6777583187390537,7.807905913100297,-34.207334680912496,10.344827586206893,-29.41176470588236,0.0,-16.49269311064718,-23.567206373682847,-8.108108108108109,0.0,2021-02-17,Sungai Tengi,5.92,16.5,56.96,0.96,0.12,0.05,3.06,8.0,0.52,14.870000000000001
78,4.203152364273208,-13.819013394315585,-16.349985561651735,12.643678160919539,0.0,-20.000000000000004,-16.49269311064718,-23.001799023387296,-6.306306306306306,11.538461538461526,2021-02-18,Sungai Tengi,5.95,13.19,72.42,0.98,0.17,0.04,3.12,8.0,0.58,14.98
79,5.253940455341503,-23.881084612871607,-19.283857926653187,17.241379310344833,-23.529411764705884,0.0,-16.49269311064718,-23.001799023387296,-6.306306306306306,11.538461538461526,2021-02-19,Sungai Tengi,6.01,11.65,69.88,1.02,0.13,0.05,3.12,8.0,0.58,14.98
80,6.479859894921193,-24.01176086246324,-27.427086341322543,17.241379310344833,-17.64705882352941,-40.00000000000001,-30.37578288100209,-34.258545361089695,0.30030030030029387,1.9230769230769247,2021-02-20,Sungai Tengi,6.08,11.63,62.83,1.02,0.14,0.03,3.34,6.67,0.53,12.79
81,7.005253940455347,-27.147990852662524,-50.42448743863701,-3.448275862068969,-23.529411764705884,100.0,-37.36951983298539,-37.239784117193516,-3.003003003003006,3.8461538461538494,2021-02-21,Sungai Tengi,6.11,11.15,42.92,0.84,0.13,0.1,3.23,6.0,0.54,12.21
82,7.005253940455347,-16.367200261352494,-40.80277216286456,9.19540229885057,-23.529411764705884,0.0,-37.36951983298539,-38.98740683628886,-8.108108108108109,-3.8461538461538494,2021-02-22,Sungai Tengi,6.11,12.8,51.25,0.95,0.13,0.05,3.06,6.0,0.5,11.870000000000001
83,7.005253940455347,-2.319503430251555,-25.74068726537682,14.942528735632186,-82.3529411764706,19.99999999999999,-37.36951983298539,-35.3893600616808,-5.105105105105103,0.0,2021-02-23,Sungai Tengi,6.11,14.95,64.29,1.0,0.03,0.06,3.16,6.0,0.52,12.57
84,7.355516637478107,-24.665142110421435,-51.394744441235915,0.0,-70.58823529411765,-40.00000000000001,-39.144050104384135,-34.00154202004625,-5.105105105105103,0.0,2021-02-24,Sungai Tengi,6.13,11.53,42.08,0.87,0.05,0.03,3.16,5.83,0.52,12.84
85,7.180385288966727,-9.833387781770657,-50.90961593993647,1.1494252873563229,-5.8823529411764754,-20.000000000000004,-37.36951983298539,-41.454638910305825,-4.204204204204208,0.0,2021-02-25,Sungai Tengi,6.12,13.8,42.5,0.88,0.16,0.04,3.19,6.0,0.52,11.39
86,7.5306479859894875,-16.49787651094414,-39.35893733756857,9.19540229885057,17.64705882352941,-60.0,-37.36951983298539,-46.13209971729631,-6.906906906906906,-3.8461538461538494,2021-02-26,Sungai Tengi,6.14,12.78,52.5,0.95,0.2,0.02,3.1,6.0,0.5,10.48
87,8.581436077057797,12.381574648807577,-33.387236500144375,26.436781609195414,-5.8823529411764754,-20.000000000000004,-20.876826722338205,-24.492418401439213,-3.603603603603607,5.7692307692307745,2021-02-27,Sungai Tengi,6.2,17.2,57.67,1.1,0.16,0.04,3.21,7.58,0.55,14.69
88,8.231173380035022,0.8167265599477296,-24.100490903840598,32.183908045977,11.764705882352935,-40.00000000000001,-16.49269311064718,-18.478540221022868,4.504504504504501,5.7692307692307745,2021-02-28,Sungai Tengi,6.18,15.43,65.71,1.15,0.19,0.03,3.48,8.0,0.55,15.86
89,-4.203152364273208,256.9421757595557,-85.94282414091828,33.33333333333333,64.70588235294117,60.0,33.92484342379959,-3.520945772295034,-4.804804804804809,-1.9230769230769247,2021-01-01,Sungai Tengi,5.47,54.63,12.17,1.16,0.28,0.08,3.17,12.83,0.51,18.77
90,-1.7513134851138292,64.32538386148316,-91.42939647704303,10.344827586206893,-5.8823529411764754,-20.000000000000004,-19.937369519832988,-18.11873554356206,-4.204204204204208,-1.9230769230769247,2021-01-02,Sungai Tengi,5.61,25.15,7.42,0.96,0.16,0.04,3.19,7.67,0.51,15.93
91,-5.604203152364278,666.0241751061744,-89.11926075656945,10.344827586206893,370.5882352941176,300.00000000000006,110.54279749478081,22.33359033667439,-3.3033033033032995,0.0,2021-01-03,Sungai Tengi,5.39,117.24,9.42,0.96,0.8,0.2,3.22,20.17,0.52,23.8
92,-10.507880910683006,81.50931068278342,-83.736644527866,-13.793103448275861,123.52941176470587,79.99999999999999,46.13778705636743,23.51580570547419,-2.702702702702698,0.0,2021-01-04,Sungai Tengi,5.11,27.78,14.08,0.75,0.38,0.09,3.24,14.0,0.52,24.03
93,-10.332749562171626,48.44821953609931,-91.71816344210222,-8.045977011494248,5.8823529411764595,160.0,14.822546972860124,25.21202775636084,-2.702702702702698,0.0,2021-01-05,Sungai Tengi,5.12,22.72,7.17,0.8,0.18,0.13,3.24,11.0,0.52,24.36
94,-7.880910683012263,34.40052270499837,-88.96910193473867,-19.540229885057474,17.64705882352941,60.0,-2.296450939457209,1.9789257260344466,-2.702702702702698,0.0,2021-01-06,Sungai Tengi,5.26,20.57,9.55,0.7,0.2,0.08,3.24,9.36,0.52,19.84
95,-6.129597197898418,320.9735380594577,-87.20184810857637,63.21839080459769,-29.41176470588236,260.0,30.48016701461378,-0.3855050115651467,-1.8018018018018036,-1.9230769230769247,2021-01-07,Sungai Tengi,5.36,64.43,11.08,1.42,0.12,0.18,3.27,12.5,0.51,19.38
96,-5.604203152364278,300.78405749754984,-89.98556165174703,27.586206896551737,258.8235294117647,180.0,72.23382045929019,20.431765612952976,-15.615615615615615,-7.692307692307699,2021-01-08,Sungai Tengi,5.39,61.34,8.67,1.11,0.61,0.14,2.81,16.5,0.48,23.43
97,-6.129597197898418,12.381574648807577,-95.95726248917124,-32.18390804597702,-5.8823529411764754,0.0,-2.6096033402922756,0.2827036751477755,-7.207207207207214,-5.7692307692307745,2021-01-09,Sungai Tengi,5.36,17.2,3.5,0.59,0.16,0.05,3.09,9.33,0.49,19.509999999999998
98,-5.078809106830123,-8.39594903626266,-95.2873231302339,-28.735632183908045,-41.1764705882353,-20.000000000000004,-11.273486430062631,1.2079157029041532,-1.2012012012012023,-3.8461538461538494,2021-01-10,Sungai Tengi,5.42,14.02,4.08,0.62,0.1,0.04,3.29,8.5,0.5,19.69
99,-4.903677758318743,-15.51780463900686,-96.82356338434883,-20.689655172413797,-35.294117647058826,-40.00000000000001,-0.835073068893529,-0.2827036751477755,-0.6006006006006012,-5.7692307692307745,2021-01-11,Sungai Tengi,5.43,12.93,2.75,0.69,0.11,0.03,3.31,9.5,0.49,19.4
100,-5.4290718038528825,-26.951976478275075,-96.1536240254115,-20.689655172413797,-52.94117647058824,19.99999999999999,-13.048016701461378,-8.558211256746334,-4.504504504504501,-11.538461538461538,2021-01-12,Sungai Tengi,5.4,11.18,3.33,0.69,0.08,0.06,3.18,8.33,0.46,17.79
101,-3.6777583187390537,-33.61646520744854,-96.04966791799018,-25.287356321839077,-52.94117647058824,-60.0,-16.49269311064718,-9.380621948085324,-7.5075075075075075,-11.538461538461538,2021-01-13,Sungai Tengi,5.5,10.16,3.42,0.65,0.08,0.02,3.08,8.0,0.46,17.63
102,-3.3274956217162943,-35.64194707611892,-94.51342766387525,-13.793103448275861,-58.82352941176471,-80.0,-11.273486430062631,-6.964790542277035,-8.70870870870871,-9.615384615384624,2021-01-14,Sungai Tengi,5.52,9.85,4.75,0.75,0.07,0.01,3.04,8.5,0.47,18.1
103,-2.451838879159364,-13.100294021561576,-95.47213398787179,-19.540229885057474,-29.41176470588236,-40.00000000000001,-16.49269311064718,-18.529940889231554,-6.906906906906906,-5.7692307692307745,2021-01-15,Sungai Tengi,5.57,13.3,3.92,0.7,0.12,0.03,3.1,8.0,0.49,15.85
104,-3.3274956217162943,-8.199934661875199,-94.6058330926942,9.19540229885057,70.58823529411762,-20.000000000000004,-21.711899791231733,-27.98766383962991,-8.408408408408416,-5.7692307692307745,2021-01-16,Sungai Tengi,5.52,14.05,4.67,0.95,0.29,0.04,3.05,7.5,0.49,14.01
105,-1.5761821366024493,83.07742567788304,-96.24602945423042,17.241379310344833,123.52941176470587,-40.00000000000001,1.7745302713987468,-12.824466718067324,-8.108108108108109,-5.7692307692307745,2021-01-17,Sungai Tengi,5.62,28.02,3.25,1.02,0.38,0.03,3.06,9.75,0.49,16.96
106,-2.977232924693519,-6.631819666775568,-94.42102223505631,-6.896551724137924,70.58823529411762,-20.000000000000004,-14.718162839248436,-19.14674890773579,-8.70870870870871,-3.8461538461538494,2021-01-18,Sungai Tengi,5.54,14.29,4.83,0.81,0.29,0.04,3.04,8.17,0.5,15.73
107,-0.5253940455341549,-34.79255145377327,-94.42102223505631,-21.83908045977011,17.64705882352941,-40.00000000000001,-16.49269311064718,-20.483166281161655,-8.70870870870871,-3.8461538461538494,2021-01-19,Sungai Tengi,5.68,9.98,4.83,0.68,0.2,0.03,3.04,8.0,0.5,15.469999999999999
108,5.078809106830123,-56.41947076118915,-91.14062951198383,-19.540229885057474,29.411764705882344,-60.0,-25.156576200417536,-24.749421742482642,-8.70870870870871,-3.8461538461538494,2021-01-20,Sungai Tengi,6.0,6.67,7.67,0.7,0.22,0.02,3.04,7.17,0.5,14.64
109,1.4010507880910694,-37.275400196014374,-93.84348830493792,-17.241379310344833,-58.82352941176471,-40.00000000000001,-16.49269311064718,-28.296067848882032,-9.009009009009016,-3.8461538461538494,2021-01-21,Sungai Tengi,5.79,9.6,5.33,0.72,0.07,0.03,3.03,8.0,0.5,13.95
110,-0.35026269702275964,207.93858216269197,-92.11088651458273,-17.241379310344833,64.70588235294117,-60.0,39.144050104384135,6.502184528398873,-8.70870870870871,-3.8461538461538494,2021-01-22,Sungai Tengi,5.69,47.13,6.83,0.72,0.28,0.02,3.04,13.33,0.5,20.72
111,-6.479859894921193,42.89447892845476,-94.9985561651747,-16.09195402298851,288.235294117647,0.0,9.603340292275574,-0.48830634798251793,-9.009009009009016,-3.8461538461538494,2021-01-23,Sungai Tengi,5.34,21.87,4.33,0.73,0.66,0.05,3.03,10.5,0.5,19.36
112,-0.7005253940455347,21.332897745834696,-94.13225526999712,-24.137931034482754,-11.764705882352951,-60.0,-2.6096033402922756,-13.646877409406311,-8.70870870870871,-7.692307692307699,2021-01-24,Sungai Tengi,5.67,18.57,5.08,0.66,0.15,0.02,3.04,9.33,0.48,16.8
113,-1.7513134851138292,167.49428291408034,-91.14062951198383,2.2988505747126458,-41.1764705882353,-40.00000000000001,33.92484342379959,0.8481110254433446,-9.009009009009016,-7.692307692307699,2021-01-25,Sungai Tengi,5.61,40.94,7.67,0.89,0.1,0.03,3.03,12.83,0.48,19.62
114,-3.852889667250434,77.85037569421758,-95.71469823852152,-14.942528735632186,35.29411764705882,19.99999999999999,67.01461377870564,6.810588537651005,-9.009009009009016,-7.692307692307699,2021-01-26,Sungai Tengi,5.49,27.22,3.71,0.74,0.23,0.06,3.03,16.0,0.48,20.78
115,-2.2767075306479843,731.7543286507678,-89.74299740109731,49.425287356321846,123.52941176470587,-20.000000000000004,87.89144050104383,23.104600359804685,-9.009009009009016,-7.692307692307699,2021-01-27,Sungai Tengi,5.58,127.3,8.88,1.3,0.38,0.04,3.03,18.0,0.48,23.95
116,-4.903677758318743,221.8556027442012,-94.44412359226104,8.045977011494248,194.11764705882348,139.99999999999997,94.15448851774532,29.889488563351353,-5.40540540540541,-5.7692307692307745,2021-01-28,Sungai Tengi,5.43,49.26,4.81,0.94,0.5,0.12,3.15,18.6,0.49,25.270000000000003
117,-2.626970227670759,31.46030708918655,-94.94080277216287,-3.448275862068969,88.23529411764704,19.99999999999999,9.603340292275574,-5.525571832433818,-7.5075075075075075,-5.7692307692307745,2021-01-29,Sungai Tengi,5.56,20.12,4.38,0.84,0.32,0.06,3.08,10.5,0.49,18.38
118,-0.8756567425569146,28.846782097353802,-94.68668784291077,1.1494252873563229,-29.41176470588236,0.0,29.43632567849687,9.020817270624532,-7.807807807807815,-3.8461538461538494,2021-01-30,Sungai Tengi,5.66,19.72,4.6,0.88,0.12,0.05,3.07,12.4,0.5,21.21
119,0.8756567425569146,-9.833387781770657,-95.18336702281259,-3.448275862068969,-17.64705882352941,-40.00000000000001,-30.37578288100209,-10.768439989719862,2.4024024024024047,-5.7692307692307745,2021-01-31,Sungai Tengi,5.76,13.8,4.17,0.84,0.14,0.03,3.41,6.67,0.49,17.36
120,2.451838879159364,15.12577589023196,54.12070459139478,-3.448275862068969,-29.41176470588236,-20.000000000000004,-0.3131524008350664,-15.497301464919047,-18.918918918918916,0.0,2021-07-01,Sungai Tengi,5.85,17.62,133.43,0.84,0.12,0.04,2.7,9.55,0.52,16.439999999999998
121,4.903677758318743,-28.846782097353802,-8.530176147848676,-4.5977011494252915,123.52941176470587,-40.00000000000001,-16.49269311064718,-26.702647134412743,-18.918918918918916,0.0,2021-07-02,Sungai Tengi,5.99,10.89,79.19,0.83,0.38,0.03,2.7,8.0,0.52,14.26
122,4.5534150612959685,-52.62985952303168,-29.101934738665886,-18.390804597701152,135.2941176470588,-20.000000000000004,-37.36951983298539,-36.982780776150086,-18.918918918918916,0.0,2021-07-03,Sungai Tengi,5.97,7.25,61.38,0.71,0.4,0.04,2.7,6.0,0.52,12.26
123,4.5534150612959685,14.276380267886305,60.26566560785448,-17.241379310344833,276.4705882352941,-20.000000000000004,-19.937369519832988,-25.00642508352608,-18.918918918918916,0.0,2021-07-04,Sungai Tengi,5.97,17.49,138.75,0.72,0.64,0.04,2.7,7.67,0.52,14.59
124,-1.0507880910682945,559.392355439399,474.01097314467233,31.03448275862068,111.76470588235293,40.00000000000001,87.89144050104383,25.21202775636084,-18.61861861861862,-1.9230769230769247,2021-07-05,Sungai Tengi,5.65,100.92,496.95,1.14,0.36,0.07,2.71,18.0,0.51,24.36
125,-6.129597197898418,36.2953283240771,71.18105688709213,-17.241379310344833,41.17647058823528,0.0,10.64718162839248,12.156258031354419,-18.61861861861862,-1.9230769230769247,2021-07-06,Sungai Tengi,5.36,20.86,148.2,0.72,0.24,0.05,2.71,10.6,0.51,21.82
126,1.0507880910682945,-12.77360339758249,12.792376552122459,-37.93103448275862,123.52941176470587,-20.000000000000004,2.296450939457209,0.8481110254433446,-18.61861861861862,5474.999999999999,2021-07-07,Sungai Tengi,5.77,13.35,97.65,0.54,0.38,0.04,2.71,9.8,28.99,19.62
127,1.4010507880910694,-36.94870957203528,-12.157089228992195,-21.83908045977011,-64.70588235294117,0.0,-37.36951983298539,-13.54407607298894,-2.1021021021021107,-1.9230769230769247,2021-07-08,Sungai Tengi,5.79,9.65,76.05,0.68,0.06,0.05,3.26,6.0,0.51,16.82
128,2.101576182136604,-45.377327670695855,-19.63037828472422,-31.03448275862069,-29.41176470588236,40.00000000000001,-37.36951983298539,-13.54407607298894,-2.1021021021021107,-1.9230769230769247,2021-07-09,Sungai Tengi,5.83,8.36,69.58,0.6,0.12,0.07,3.26,6.0,0.51,16.82
129,2.2767075306479843,-23.81574648807579,-16.14207334680912,5.747126436781615,0.0,-20.000000000000004,-25.887265135699376,-2.7499357491647216,-2.1021021021021107,-1.9230769230769247,2021-07-10,Sungai Tengi,5.84,11.66,72.6,0.92,0.17,0.04,3.26,7.1,0.51,18.92
130,-4.203152364273208,68.63770009800719,165.78111464048516,3.448275862068969,-100.0,0.0,56.57620041753654,32.716525314829106,-2.1021021021021107,-1.9230769230769247,2021-07-11,Sungai Tengi,5.47,25.81,230.1,0.9,0.0,0.05,3.26,15.0,0.51,25.82
131,-7.355516637478107,68.04965697484482,118.4233323707768,5.747126436781615,35.29411764705882,79.99999999999999,54.48851774530272,26.548445129786703,-2.1021021021021107,-1.9230769230769247,2021-07-12,Sungai Tengi,5.29,25.72,189.1,0.92,0.23,0.09,3.26,14.8,0.51,24.62
132,-4.728546409807348,-36.2953283240771,-13.658677447300018,-37.93103448275862,-35.294117647058826,0.0,-8.141962421711893,-4.805962477512201,-2.1021021021021107,-1.9230769230769247,2021-07-13,Sungai Tengi,5.44,9.75,74.75,0.54,0.11,0.05,3.26,8.8,0.51,18.52
133,2.626970227670759,-50.21234890558641,-19.029742997401094,-25.287356321839077,-23.529411764705884,-40.00000000000001,-37.36951983298539,-21.202775636083263,1.8018018018018036,3.8461538461538494,2021-07-14,Sungai Tengi,5.86,7.62,70.1,0.65,0.13,0.03,3.39,6.0,0.54,15.33
134,2.977232924693519,-51.97647827507351,-21.235922610453358,-18.390804597701152,105.88235294117645,0.0,-47.80793319415449,-26.188640452325878,2.1021021021020974,3.8461538461538494,2021-07-15,Sungai Tengi,5.88,7.35,68.19,0.71,0.35,0.05,3.4,5.0,0.54,14.36
135,5.954465849387038,-50.47370140476968,-20.56598325151602,-4.5977011494252915,-17.64705882352941,-80.0,-47.80793319415449,-26.188640452325878,2.1021021021020974,3.8461538461538494,2021-07-16,Sungai Tengi,6.05,7.58,68.77,0.83,0.14,0.01,3.4,5.0,0.54,14.36
136,4.903677758318743,-51.38843515191114,-26.56078544614495,4.5977011494252915,-11.764705882352951,-60.0,-47.80793319415449,-26.188640452325878,2.1021021021020974,3.8461538461538494,2021-07-17,Sungai Tengi,5.99,7.44,63.58,0.91,0.15,0.02,3.4,5.0,0.54,14.36
137,5.078809106830123,-56.15811826200587,-42.87034363268841,2.2988505747126458,-35.294117647058826,-40.00000000000001,-47.80793319415449,-26.188640452325878,2.1021021021020974,3.8461538461538494,2021-07-18,Sungai Tengi,6.0,6.71,49.46,0.89,0.11,0.03,3.4,5.0,0.54,14.36
138,5.779334500875658,-59.75171512577588,-35.847531042448736,-4.5977011494252915,-29.41176470588236,-60.0,-47.80793319415449,-26.188640452325878,2.1021021021020974,3.8461538461538494,2021-07-19,Sungai Tengi,6.04,6.16,55.54,0.83,0.12,0.02,3.4,5.0,0.54,14.36
139,6.479859894921193,-62.36524011760862,-40.31764366156511,-10.344827586206893,-58.82352941176471,-40.00000000000001,-47.80793319415449,-26.188640452325878,2.1021021021020974,3.8461538461538494,2021-07-20,Sungai Tengi,6.08,5.76,51.67,0.78,0.07,0.03,3.4,5.0,0.54,14.36
140,7.005253940455347,-62.69193074158771,-37.82269708345365,-14.942528735632186,-41.1764705882353,-20.000000000000004,-47.80793319415449,-26.188640452325878,2.1021021021020974,3.8461538461538494,2021-07-21,Sungai Tengi,6.11,5.71,53.83,0.74,0.1,0.04,3.4,5.0,0.54,14.36
141,9.281961471103333,-61.31983012087553,-30.360958706323988,-28.735632183908045,-11.764705882352951,19.99999999999999,-47.80793319415449,-26.188640452325878,2.1021021021020974,3.8461538461538494,2021-07-22,Sungai Tengi,6.24,5.92,60.29,0.62,0.15,0.06,3.4,5.0,0.54,14.36
142,6.304728546409813,-62.953283240770986,-40.65261334103378,2.2988505747126458,-35.294117647058826,-60.0,-47.80793319415449,-26.188640452325878,2.1021021021020974,3.8461538461538494,2021-07-23,Sungai Tengi,6.07,5.67,51.38,0.89,0.11,0.02,3.4,5.0,0.54,14.36
143,7.180385288966727,-61.12381574648808,-30.257002598902673,-3.448275862068969,-41.1764705882353,0.0,-37.36951983298539,-34.36134669750706,5.705705705705704,7.692307692307699,2021-07-24,Sungai Tengi,6.12,5.95,60.38,0.84,0.1,0.05,3.52,6.0,0.56,12.77
144,5.4290718038528825,-56.615485135576606,-22.99162575801327,3.448275862068969,-23.529411764705884,-40.00000000000001,-37.36951983298539,-34.36134669750706,5.705705705705704,7.692307692307699,2021-07-25,Sungai Tengi,6.02,6.64,66.67,0.9,0.13,0.03,3.52,6.0,0.56,12.77
145,6.830122591943952,-60.33975824893826,-26.849552411204154,-2.2988505747126458,-52.94117647058824,-60.0,-37.36951983298539,-34.36134669750706,5.705705705705704,7.692307692307699,2021-07-26,Sungai Tengi,6.1,6.07,63.33,0.85,0.08,0.02,3.52,6.0,0.56,12.77
146,5.604203152364278,-53.28324077098987,-28.94022523823273,2.2988505747126458,17.64705882352941,-60.0,-37.36951983298539,-34.36134669750706,5.705705705705704,7.692307692307699,2021-07-27,Sungai Tengi,6.03,7.15,61.52,0.89,0.2,0.02,3.52,6.0,0.56,12.77
147,8.581436077057797,-60.79712512250899,-26.791799018192307,-14.942528735632186,23.52941176470587,-80.0,-37.36951983298539,-34.36134669750706,5.705705705705704,7.692307692307699,2021-07-28,Sungai Tengi,6.2,6.0,63.38,0.74,0.21,0.01,3.52,6.0,0.56,12.77
148,6.479859894921193,-58.37961450506369,-25.05919722783713,2.2988505747126458,29.411764705882344,-80.0,-37.36951983298539,-34.36134669750706,5.705705705705704,7.692307692307699,2021-07-29,Sungai Tengi,6.08,6.37,64.88,0.89,0.22,0.01,3.52,6.0,0.56,12.77
149,5.604203152364278,-63.345311989545905,-31.077100779670797,8.045977011494248,58.82352941176471,-40.00000000000001,-37.36951983298539,-34.36134669750706,5.705705705705704,7.692307692307699,2021-07-30,Sungai Tengi,6.03,5.61,59.67,0.94,0.27,0.03,3.52,6.0,0.56,12.77
150,6.479859894921193,8.39594903626266,-5.861969390701692,-1.1494252873563229,147.05882352941174,-60.0,-14.718162839248436,-16.782318170136215,5.705705705705704,7.692307692307699,2021-07-31,Sungai Tengi,6.08,16.59,81.5,0.86,0.42,0.02,3.52,8.17,0.56,16.189999999999998
151,0.7005253940455347,-35.5766089513231,-15.564539416690726,-8.045977011494248,-58.82352941176471,19.99999999999999,-47.80793319415449,-24.698021074273957,-2.1021021021021107,11.538461538461526,2021-06-01,Sungai Tengi,5.75,9.86,73.1,0.8,0.07,0.06,3.26,5.0,0.58,14.65
152,4.203152364273208,-43.02515517804639,-13.36991048224082,-9.19540229885057,-52.94117647058824,-60.0,-47.80793319415449,-32.76792598303777,-2.1021021021021107,11.538461538461526,2021-06-02,Sungai Tengi,5.95,8.72,75.0,0.79,0.08,0.02,3.26,5.0,0.58,13.08
153,3.5026269702276736,-34.727213328977456,-13.277505053421878,-13.793103448275861,-52.94117647058824,-40.00000000000001,-47.80793319415449,-30.763299922898995,-2.1021021021021107,11.538461538461526,2021-06-03,Sungai Tengi,5.91,9.99,75.08,0.75,0.08,0.03,3.26,5.0,0.58,13.469999999999999
154,3.852889667250434,-23.81574648807579,11.221484262200427,4.5977011494252915,64.70588235294117,-60.0,-36.32567849686848,-26.651246466204054,-2.1021021021021107,11.538461538461526,2021-06-04,Sungai Tengi,5.93,11.66,96.29,0.91,0.28,0.02,3.26,6.1,0.58,14.27
155,-7.005253940455347,559.2616791898073,476.84088940225246,37.93103448275862,17.64705882352941,380.0,123.38204592901877,32.92212798766385,-2.1021021021021107,11.538461538461526,2021-06-05,Sungai Tengi,5.31,100.9,499.4,1.2,0.2,0.24,3.26,21.4,0.58,25.86
156,-4.378283712784588,-5.913100294021557,-4.660698816055424,-20.689655172413797,-41.1764705882353,-20.000000000000004,4.384133611691022,14.417887432536622,-2.1021021021021107,11.538461538461526,2021-06-06,Sungai Tengi,5.46,14.4,82.54,0.69,0.1,0.04,3.26,10.0,0.58,22.259999999999998
157,-1.5761821366024493,-29.500163345311993,-32.12821253248628,-29.88505747126437,-5.8823529411764754,-40.00000000000001,-18.580375782881003,0.4369056797738415,-0.6006006006006012,11.538461538461526,2021-06-07,Sungai Tengi,5.62,10.79,58.76,0.61,0.16,0.03,3.31,7.8,0.58,19.54
158,1.7513134851138292,-24.599803985625616,-13.704880161709495,10.344827586206893,-52.94117647058824,-20.000000000000004,-37.36951983298539,-16.42251349267541,14.114114114114107,11.538461538461526,2021-06-08,Sungai Tengi,5.81,11.54,74.71,0.96,0.08,0.04,3.8,6.0,0.58,16.259999999999998
159,1.2259194395796897,-39.366220189480565,-33.81461160843199,-4.5977011494252915,-58.82352941176471,-40.00000000000001,-37.36951983298539,-16.42251349267541,14.114114114114107,11.538461538461526,2021-06-09,Sungai Tengi,5.78,9.28,57.3,0.83,0.07,0.03,3.8,6.0,0.58,16.259999999999998
160,1.7513134851138292,-42.95981705325057,-50.90961593993647,-8.045977011494248,-47.05882352941177,-40.00000000000001,-37.36951983298539,-16.42251349267541,14.114114114114107,11.538461538461526,2021-06-10,Sungai Tengi,5.81,8.73,42.5,0.8,0.09,0.03,3.8,6.0,0.58,16.259999999999998
161,0.8756567425569146,-51.780463900686044,-42.36211377418423,1.1494252873563229,-47.05882352941177,-40.00000000000001,-37.36951983298539,-16.42251349267541,14.114114114114107,11.538461538461526,2021-06-11,Sungai Tengi,5.76,7.38,49.9,0.88,0.09,0.03,3.8,6.0,0.58,16.259999999999998
162,1.9264448336252245,-53.021888271806596,-46.86687842910771,-3.448275862068969,-41.1764705882353,-40.00000000000001,-37.36951983298539,-21.562580313544068,-2.1021021021021107,0.0,2021-06-12,Sungai Tengi,5.82,7.19,46.0,0.84,0.1,0.03,3.26,6.0,0.52,15.26
163,2.101576182136604,-51.58444952629859,-33.00606410626624,-9.19540229885057,-23.529411764705884,-20.000000000000004,-37.36951983298539,-21.562580313544068,-2.1021021021021107,0.0,2021-06-13,Sungai Tengi,5.83,7.41,58.0,0.79,0.13,0.04,3.26,6.0,0.52,15.26
164,4.5534150612959685,-44.72394642273766,-24.400808547502155,-2.2988505747126458,5.8823529411764595,-40.00000000000001,-33.19415448851774,-21.562580313544068,-2.1021021021021107,0.0,2021-06-14,Sungai Tengi,5.97,8.46,65.45,0.85,0.18,0.03,3.26,6.4,0.52,15.26
165,0.5253940455341549,385.7236197321137,380.9933583598037,11.494252873563216,23.52941176470587,-20.000000000000004,51.98329853862214,13.595476741197654,2.4024024024024047,3.8461538461538494,2021-06-15,Sungai Tengi,5.74,74.34,416.42,0.97,0.21,0.04,3.41,14.56,0.54,22.1
166,-2.626970227670759,10.02940215615812,62.34478775628072,2.2988505747126458,188.23529411764702,-20.000000000000004,22.12943632567849,10.203032639424329,19.219219219219223,3.8461538461538494,2021-06-16,Sungai Tengi,5.56,16.84,140.55,0.89,0.49,0.04,3.97,11.7,0.54,21.44
167,-4.203152364273208,783.6327997386476,434.911926075657,-6.896551724137924,270.5882352941176,-60.0,69.10229645093945,23.053199691595992,2.1021021021020974,9.615384615384603,2021-06-17,Sungai Tengi,5.47,135.24,463.1,0.81,0.63,0.02,3.4,16.2,0.57,23.939999999999998
168,-6.129597197898418,66.61221822933682,210.49379151025124,-31.03448275862069,29.411764705882344,60.0,49.895615866388304,20.945772295039852,-18.61861861861862,0.0,2021-06-18,Sungai Tengi,5.36,25.5,268.81,0.6,0.22,0.08,2.71,14.36,0.52,23.53
169,-6.654991243432573,-4.802352172492646,-25.093849263644234,-28.735632183908045,-100.0,-20.000000000000004,6.471816283924834,6.193780519146759,-18.61861861861862,0.0,2021-06-19,Sungai Tengi,5.33,14.57,64.85,0.62,0.0,0.04,2.71,10.2,0.52,20.66
170,-2.977232924693519,-31.91767396275727,-30.580421599768975,-26.436781609195396,-47.05882352941177,0.0,-26.931106471816285,-11.282446671806735,-18.61861861861862,0.0,2021-06-20,Sungai Tengi,5.54,10.42,60.1,0.64,0.09,0.05,2.71,7.0,0.52,17.259999999999998
171,0.3502626970227752,-30.41489709245344,-27.86601212821252,-27.586206896551722,-29.41176470588236,-40.00000000000001,-26.931106471816285,-11.282446671806735,-18.61861861861862,0.0,2021-06-21,Sungai Tengi,5.73,10.65,62.45,0.63,0.12,0.03,2.71,7.0,0.52,17.259999999999998
172,0.17513134851137982,-37.92878144397256,-30.418712099335828,-25.287356321839077,-17.64705882352941,-40.00000000000001,-26.931106471816285,-11.282446671806735,-18.61861861861862,0.0,2021-06-22,Sungai Tengi,5.72,9.5,60.24,0.65,0.14,0.03,2.71,7.0,0.52,17.259999999999998
173,2.101576182136604,-38.05945769356419,-37.626335547213394,-5.747126436781615,0.0,-40.00000000000001,-26.931106471816285,-11.282446671806735,-18.61861861861862,0.0,2021-06-23,Sungai Tengi,5.83,9.48,54.0,0.82,0.17,0.03,2.71,7.0,0.52,17.259999999999998
174,2.2767075306479843,-47.01078079059131,-38.007507941091525,-18.390804597701152,17.64705882352941,-20.000000000000004,-26.931106471816285,-11.282446671806735,-18.61861861861862,0.0,2021-06-24,Sungai Tengi,5.84,8.11,53.67,0.71,0.2,0.04,2.71,7.0,0.52,17.259999999999998
175,1.0507880910682945,104.37765436131986,91.85677158533065,-18.390804597701152,-23.529411764705884,-40.00000000000001,20.041753653444676,2.595733744538692,-18.61861861861862,0.0,2021-06-25,Sungai Tengi,5.77,31.28,166.1,0.71,0.13,0.03,2.71,11.5,0.52,19.96
176,3.5026269702276736,-11.140150277687031,-2.8010395610741936,-21.83908045977011,-41.1764705882353,0.0,8.559498956158667,-4.086353122590585,-18.61861861861862,0.0,2021-06-26,Sungai Tengi,5.91,13.6,84.15,0.68,0.1,0.05,2.71,10.4,0.52,18.66
177,2.2767075306479843,-45.246651421104204,-16.396188276061213,-8.045977011494248,-17.64705882352941,-40.00000000000001,-25.99164926931107,-21.09997429966589,-18.61861861861862,0.0,2021-06-27,Sungai Tengi,5.84,8.38,72.38,0.8,0.14,0.03,2.71,7.09,0.52,15.35
178,4.903677758318743,-51.58444952629859,-18.278948888247175,-13.793103448275861,-35.294117647058826,-60.0,-37.36951983298539,-31.842713955281415,-18.918918918918916,0.0,2021-06-28,Sungai Tengi,5.99,7.41,70.75,0.75,0.11,0.02,2.7,6.0,0.52,13.26
179,0.3502626970227752,-39.43155831427638,2.7432861680623906,-5.747126436781615,-29.41176470588236,-40.00000000000001,-31.106471816283932,-28.758673862760215,-18.918918918918916,0.0,2021-06-29,Sungai Tengi,5.73,9.27,88.95,0.82,0.12,0.03,2.7,6.6,0.52,13.86
180,2.977232924693519,-41.84906893172165,-15.194917701414944,-19.540229885057474,152.94117647058823,0.0,-12.317327766179538,-24.132613723978405,-18.918918918918916,0.0,2021-06-30,Sungai Tengi,5.88,8.9,73.42,0.7,0.43,0.05,2.7,8.4,0.52,14.76
181,7.005253940455347,3.168899052597187,-22.41409182789488,28.73563218390806,17.64705882352941,-20.000000000000004,-30.37578288100209,-44.02467232074016,-10.810810810810807,7.692307692307699,2021-03-01,Sungai Tengi,6.11,15.79,67.17,1.12,0.2,0.04,2.97,6.67,0.56,10.89
182,5.078809106830123,246.42273766742898,179.57262489171242,42.5287356321839,470.58823529411757,180.0,41.75365344467641,10.974042662554623,-6.006006006006012,0.0,2021-03-02,Sungai Tengi,6.0,53.02,242.04,1.24,0.97,0.14,3.13,13.58,0.52,21.59
183,2.626970227670759,204.80235217249265,178.75252671094432,88.50574712643677,76.4705882352941,100.0,52.40083507306888,9.072217938833209,-3.3033033033032995,3.8461538461538494,2021-03-03,Sungai Tengi,5.86,46.65,241.33,1.64,0.3,0.1,3.22,14.6,0.54,21.22
184,6.830122591943952,5.717085919634107,15.85330638174994,41.37931034482759,29.411764705882344,0.0,-6.05427974947808,-17.964533538935996,-6.906906906906906,0.0,2021-03-04,Sungai Tengi,6.1,16.18,100.3,1.23,0.22,0.05,3.1,9.0,0.52,15.96
185,8.056042031523642,29.565501470107797,-4.903263066705158,55.17241379310346,64.70588235294117,0.0,23.486430062630482,-7.478797224363909,-6.306306306306306,0.0,2021-03-05,Sungai Tengi,6.17,19.83,82.33,1.35,0.28,0.05,3.12,11.83,0.52,18.0
186,7.705779334500883,38.38614831754329,3.9561074213110157,55.17241379310346,41.17647058823528,0.0,4.384133611691022,-23.20740169622204,-6.306306306306306,-5.7692307692307745,2021-03-06,Sungai Tengi,6.15,21.18,90.0,1.35,0.24,0.05,3.12,10.0,0.49,14.940000000000001
187,9.106830122591953,9.702711532179023,-8.079699682356328,63.21839080459769,29.411764705882344,-20.000000000000004,-11.273486430062631,-24.543819069647903,-3.3033033033032995,0.0,2021-03-07,Sungai Tengi,6.23,16.79,79.58,1.42,0.22,0.04,3.22,8.5,0.52,14.68
188,7.705779334500883,21.136883371447233,-14.328616806237354,57.4712643678161,158.8235294117647,0.0,-6.05427974947808,-28.91287586738627,-7.5075075075075075,-3.8461538461538494,2021-03-08,Sungai Tengi,6.15,18.54,74.17,1.37,0.44,0.05,3.08,9.0,0.5,13.83
189,6.830122591943952,54.13263639333551,68.15477909327177,52.87356321839082,5.8823529411764595,60.0,6.993736951983298,-18.632742225648926,-7.5075075075075075,-3.8461538461538494,2021-03-09,Sungai Tengi,6.1,23.59,145.58,1.33,0.18,0.08,3.08,10.25,0.5,15.83
190,7.5306479859894875,6.109114668409008,29.275194917701437,88.50574712643677,223.52941176470588,19.99999999999999,-6.889352818371609,-25.366229760986887,-7.5075075075075075,-3.8461538461538494,2021-03-10,Sungai Tengi,6.14,16.24,111.92,1.64,0.55,0.06,3.08,8.92,0.5,14.52
191,7.5306479859894875,35.90329957530219,37.07190297429976,72.41379310344827,82.35294117647058,0.0,0.9394572025052178,-14.160884091493187,-2.1021021021021107,0.0,2021-03-11,Sungai Tengi,6.14,20.8,118.67,1.5,0.31,0.05,3.26,9.67,0.52,16.7
192,7.355516637478107,109.34335184580202,155.32775050534224,81.60919540229887,147.05882352941174,19.99999999999999,30.48016701461378,-6.707787201233615,-5.40540540540541,-1.9230769230769247,2021-03-12,Sungai Tengi,6.13,32.04,221.05,1.58,0.42,0.06,3.15,12.5,0.51,18.15
193,6.129597197898418,206.43580529238812,123.79439792087787,64.36781609195403,141.17647058823525,100.0,67.01461377870564,20.84297095862248,-6.306306306306306,-3.8461538461538494,2021-03-13,Sungai Tengi,6.06,46.9,193.75,1.43,0.41,0.1,3.12,16.0,0.5,23.51
194,5.604203152364278,49.29761515844496,25.613629800750807,80.45977011494254,17.64705882352941,0.0,9.603340292275574,-11.025443330763299,-6.306306306306306,-3.8461538461538494,2021-03-14,Sungai Tengi,6.03,22.85,108.75,1.57,0.2,0.05,3.12,10.5,0.5,17.31
195,6.654991243432573,113.98235870630513,109.50620848974879,73.5632183908046,23.52941176470587,60.0,2.6096033402922756,-22.539193009509116,-2.4024024024024047,-1.9230769230769247,2021-03-15,Sungai Tengi,6.09,32.75,181.38,1.51,0.21,0.08,3.25,9.83,0.51,15.07
196,4.203152364273208,1190.9506697157792,421.0857637886226,145.97701149425288,476.47058823529403,380.0,125.2609603340292,24.28681572860448,-1.2012012012012023,-5.7692307692307745,2021-03-16,Sungai Tengi,5.95,197.58,451.13,2.14,0.98,0.24,3.29,21.58,0.49,24.18
197,-2.101576182136604,1480.3985625612545,266.49148137453085,59.77011494252873,370.5882352941176,319.99999999999994,192.2755741127349,35.90336674376767,-1.2012012012012023,-1.9230769230769247,2021-03-17,Sungai Tengi,5.59,241.88,317.29,1.39,0.8,0.21,3.29,28.0,0.51,26.439999999999998
198,0.5253940455341549,151.02907546553413,154.44989893156225,33.33333333333333,70.58823529411762,120.0,40.08350730688935,11.488049344641496,10.510510510510512,-3.8461538461538494,2021-03-18,Sungai Tengi,5.74,38.42,220.29,1.16,0.29,0.11,3.68,13.42,0.5,21.69
199,1.7513134851138292,522.672329304149,438.01905861969396,140.22988505747122,252.94117647058818,440.00000000000006,65.24008350730689,4.240555127216669,22.22222222222223,1.9230769230769247,2021-03-19,Sungai Tengi,5.81,95.3,465.79,2.09,0.6,0.27,4.07,15.83,0.53,20.28
200,1.0507880910682945,103.00555374060765,108.15477909327176,44.827586206896555,17.64705882352941,79.99999999999999,31.315240083507305,-2.2873297352865607,-1.5015015015015094,0.0,2021-03-20,Sungai Tengi,5.77,31.07,180.21,1.26,0.2,0.09,3.28,12.58,0.52,19.009999999999998
201,5.253940455341503,99.41195687683764,67.48483973433441,62.06896551724137,88.23529411764704,0.0,18.26722338204593,-9.586224620920063,-3.3033033033032995,-1.9230769230769247,2021-03-21,Sungai Tengi,6.01,30.52,145.0,1.41,0.32,0.05,3.22,11.33,0.51,17.59
202,3.6777583187390537,113.39431558314274,166.277793820387,82.75862068965519,188.23529411764702,60.0,32.25469728601252,6.29658185556413,1.8018018018018036,-3.8461538461538494,2021-03-22,Sungai Tengi,5.92,32.66,230.53,1.59,0.49,0.08,3.39,12.67,0.5,20.68
203,4.378283712784588,68.83371447239465,137.0661276349986,82.75862068965519,-100.0,60.0,29.43632567849687,7.170393215111813,17.11711711711711,1.9230769230769247,2021-03-23,Sungai Tengi,5.96,25.84,205.24,1.59,0.0,0.08,3.9,12.4,0.53,20.85
204,5.954465849387038,24.79581836001308,85.53855038983542,89.6551724137931,17.64705882352941,0.0,14.822546972860124,1.0023130300693925,16.816816816816818,5.7692307692307745,2021-03-24,Sungai Tengi,6.05,19.1,160.63,1.65,0.2,0.05,3.89,11.0,0.55,19.65
205,6.304728546409813,15.909833387781763,57.574357493502745,94.25287356321839,64.70588235294117,0.0,-0.2087682672233776,-18.58134155744024,8.108108108108109,-5.7692307692307745,2021-03-25,Sungai Tengi,6.07,17.74,136.42,1.69,0.28,0.05,3.6,9.56,0.49,15.84
206,4.903677758318743,450.8657301535446,128.56482818365583,98.85057471264368,70.58823529411762,199.99999999999997,54.80167014613778,9.175019275250598,8.408408408408402,-5.7692307692307745,2021-03-26,Sungai Tengi,5.99,84.31,197.88,1.73,0.29,0.15,3.61,14.83,0.49,21.240000000000002
207,4.028021015761829,153.96929108134597,168.7496390412937,102.29885057471265,82.35294117647058,120.0,17.432150313152402,0.2827036751477755,9.909909909909912,-3.8461538461538494,2021-03-27,Sungai Tengi,5.94,38.87,232.67,1.76,0.31,0.11,3.66,11.25,0.5,19.509999999999998
208,0.7005253940455347,1140.640313622999,452.2148426220041,140.22988505747122,629.4117647058823,619.9999999999999,93.1106471816284,26.754047802621468,14.114114114114107,11.538461538461526,2021-03-28,Sungai Tengi,5.75,189.88,478.08,2.09,1.24,0.36,3.8,18.5,0.58,24.660000000000004
209,-6.830122591943952,256.09278013721007,257.1585330638175,2.2988505747126458,11.764705882352935,180.0,67.01461377870564,23.875610382934997,7.8078078078078015,7.692307692307699,2021-03-29,Sungai Tengi,5.32,54.5,309.21,0.89,0.19,0.14,3.59,16.0,0.56,24.1
210,-3.1523642732048986,38.25547206795165,36.055443257291394,-6.896551724137924,11.764705882352935,19.99999999999999,16.59707724425887,22.89899768696996,7.5075075075075075,9.615384615384603,2021-03-30,Sungai Tengi,5.53,21.16,117.79,0.81,0.19,0.06,3.58,11.17,0.57,23.910000000000004
211,-2.101576182136604,7.219862789937932,-4.949465781114621,24.13793103448277,5.8823529411764595,0.0,-2.922755741127342,17.19352351580572,6.006006006005998,9.615384615384603,2021-03-31,Sungai Tengi,5.59,16.41,82.29,1.08,0.18,0.05,3.53,9.3,0.57,22.8
212,-3.5026269702276736,512.1528912120222,307.1960727692752,66.66666666666666,582.3529411764705,420.0,58.87265135699374,8.661012593163724,111.4114114114114,3.8461538461538494,2021-05-01,Sungai Tengi,5.51,93.69,352.53,1.45,1.16,0.26,7.04,15.22,0.54,21.14
213,-6.479859894921193,110.19274746814769,30.85763788622584,-6.896551724137924,35.29411764705882,40.00000000000001,18.26722338204593,18.427139552814193,-2.1021021021021107,3.8461538461538494,2021-05-02,Sungai Tengi,5.34,32.17,113.29,0.81,0.23,0.07,3.26,11.33,0.54,23.04
214,-7.705779334500883,21.006207121855603,64.20444701126193,-20.689655172413797,-17.64705882352941,19.99999999999999,4.384133611691022,13.287072731945521,-2.1021021021021107,3.8461538461538494,2021-05-03,Sungai Tengi,5.27,18.52,142.16,0.69,0.14,0.06,3.26,10.0,0.54,22.04
215,-2.977232924693519,8.330610911466833,30.695928385792687,-16.09195402298851,-11.764705882352951,0.0,4.384133611691022,14.31508609611925,-2.1021021021021107,3.8461538461538494,2021-05-04,Sungai Tengi,5.54,16.58,113.15,0.73,0.15,0.05,3.26,10.0,0.54,22.24
216,-4.028021015761813,2.4501796798431887,33.814611608432,0.0,35.29411764705882,-60.0,0.2087682672233776,12.25905936777179,14.114114114114107,0.0,2021-05-05,Sungai Tengi,5.48,15.68,115.85,0.87,0.23,0.02,3.8,9.6,0.52,21.84
217,-5.078809106830123,-22.44364586736361,15.887958417557044,-31.03448275862069,-29.41176470588236,-40.00000000000001,-18.26722338204593,6.810588537651005,1.2012012012012023,1.9230769230769247,2021-05-06,Sungai Tengi,5.42,11.87,100.33,0.6,0.12,0.03,3.37,7.83,0.53,20.78
218,-6.129597197898418,152.9892192094087,187.08056598325155,45.97701149425288,105.88235294117645,219.99999999999997,47.91231732776618,15.857106142379857,-2.1021021021021107,0.0,2021-05-07,Sungai Tengi,5.36,38.72,248.54,1.27,0.35,0.16,3.26,14.17,0.52,22.54
219,-7.355516637478107,118.88271806599151,139.84984117816924,0.0,52.941176470588225,19.99999999999999,47.181628392484335,31.94551529169881,12.01201201201201,11.538461538461526,2021-05-08,Sungai Tengi,5.29,33.5,207.65,0.87,0.26,0.06,3.73,14.1,0.58,25.67
220,-8.231173380035022,-9.964064031362302,-17.990181923187976,-14.942528735632186,-35.294117647058826,-20.000000000000004,4.384133611691022,22.436391673091762,-5.40540540540541,11.538461538461526,2021-05-09,Sungai Tengi,5.24,13.78,71.0,0.74,0.11,0.04,3.15,10.0,0.58,23.82
221,-6.654991243432573,172.5253185233584,125.7926653190875,10.344827586206893,417.64705882352933,100.0,28.079331941544876,10.871241326137252,13.213213213213212,11.538461538461526,2021-05-10,Sungai Tengi,5.33,41.71,195.48,0.96,0.88,0.1,3.77,12.27,0.58,21.57
222,-6.479859894921193,-13.42698464554067,-3.2630667051689164,17.241379310344833,-23.529411764705884,-20.000000000000004,4.384133611691022,28.501670521716793,5.105105105105103,9.615384615384603,2021-05-11,Sungai Tengi,5.34,13.25,83.75,1.02,0.13,0.04,3.5,10.0,0.57,25.0
223,-6.129597197898418,-8.657301535445928,-43.401674848397334,-20.689655172413797,-17.64705882352941,0.0,4.384133611691022,23.36160370084812,14.114114114114107,9.615384615384603,2021-05-12,Sungai Tengi,5.36,13.98,49.0,0.69,0.14,0.05,3.8,10.0,0.57,24.0
224,-4.203152364273208,556.9748448219536,526.6705168928675,64.36781609195403,223.52941176470588,180.0,98.32985386221294,26.70264713441275,12.912912912912905,15.384615384615378,2021-05-13,Sungai Tengi,5.47,100.55,542.54,1.43,0.55,0.14,3.76,19.0,0.6,24.65
225,-8.056042031523642,123.1296961777197,164.75310424487444,25.287356321839088,-23.529411764705884,79.99999999999999,46.13778705636743,31.020303263942434,13.813813813813812,9.615384615384603,2021-05-14,Sungai Tengi,5.25,34.15,229.21,1.09,0.13,0.09,3.79,14.0,0.57,25.49
226,-4.903677758318743,-7.807905913100297,11.371643084031204,-16.09195402298851,-23.529411764705884,0.0,4.384133611691022,15.651503469545114,14.114114114114107,9.615384615384603,2021-05-15,Sungai Tengi,5.43,14.11,96.42,0.73,0.13,0.05,3.8,10.0,0.57,22.5
227,-5.253940455341503,119.40542306435805,155.38550389835407,24.13793103448277,-17.64705882352941,40.00000000000001,39.874739039665975,31.585710614238003,14.114114114114107,9.615384615384603,2021-05-16,Sungai Tengi,5.41,33.58,221.1,1.08,0.14,0.07,3.8,13.4,0.57,25.6
228,-5.954465849387038,40.67298268539694,114.2188853595149,-21.83908045977011,0.0,40.00000000000001,25.260960334029225,35.18375738884607,19.519519519519516,9.615384615384603,2021-05-17,Sungai Tengi,5.37,21.53,185.46,0.68,0.17,0.07,3.98,12.0,0.57,26.3
229,-9.632224168126092,22.247631492976158,51.66041004909042,-29.88505747126437,-64.70588235294117,-20.000000000000004,25.260960334029225,29.529683885890524,10.510510510510512,9.615384615384603,2021-05-18,Sungai Tengi,5.16,18.71,131.3,0.61,0.06,0.04,3.68,12.0,0.57,25.2
230,-7.180385288966727,-29.36948709572035,0.4331504475888123,-22.988505747126432,-58.82352941176471,-20.000000000000004,-16.49269311064718,7.941403238242106,14.114114114114107,9.615384615384603,2021-05-19,Sungai Tengi,5.3,10.81,86.95,0.67,0.07,0.04,3.8,8.0,0.57,21.0
231,-3.852889667250434,-34.46586082979419,-14.92925209356048,-17.241379310344833,-35.294117647058826,-20.000000000000004,-16.49269311064718,49.575944487278356,14.114114114114107,9.615384615384603,2021-05-20,Sungai Tengi,5.49,10.03,73.65,0.72,0.11,0.04,3.8,8.0,0.57,29.1
232,-2.101576182136604,8.134596537079393,44.04851285012995,-6.896551724137924,23.52941176470587,-20.000000000000004,1.7745302713987468,7.941403238242106,14.114114114114107,9.615384615384603,2021-05-21,Sungai Tengi,5.59,16.55,124.71,0.81,0.21,0.04,3.8,9.75,0.57,21.0
233,0.0,-39.1702058150931,-36.12474732890556,5.747126436781615,-35.294117647058826,-40.00000000000001,-37.36951983298539,-12.413261372397837,14.114114114114107,-1.9230769230769247,2021-05-22,Sungai Tengi,5.71,9.31,55.3,0.92,0.11,0.03,3.8,6.0,0.51,17.04
234,-1.0507880910682945,-43.67853642600458,-41.36875541438059,-4.5977011494252915,-52.94117647058824,-60.0,-37.36951983298539,-12.413261372397837,14.114114114114107,-1.9230769230769247,2021-05-23,Sungai Tengi,5.65,8.62,50.76,0.83,0.08,0.02,3.8,6.0,0.51,17.04
235,0.7005253940455347,-46.09604704344985,-36.10164597170083,10.344827586206893,-41.1764705882353,-60.0,-37.36951983298539,-12.413261372397837,14.114114114114107,-1.9230769230769247,2021-05-24,Sungai Tengi,5.75,8.25,55.32,0.96,0.1,0.02,3.8,6.0,0.51,17.04
236,1.2259194395796897,-42.763802678863115,-37.46462604678024,4.5977011494252915,-17.64705882352941,-40.00000000000001,-37.36951983298539,-12.413261372397837,14.114114114114107,-1.9230769230769247,2021-05-25,Sungai Tengi,5.78,8.76,54.14,0.91,0.14,0.03,3.8,6.0,0.51,17.04
237,-0.35026269702275964,435.24991832734406,306.45682933872365,12.643678160919539,182.35294117647055,-20.000000000000004,32.25469728601252,-3.623747108712405,14.114114114114107,-1.9230769230769247,2021-05-26,Sungai Tengi,5.69,81.92,351.89,0.98,0.48,0.04,3.8,12.67,0.51,18.75
238,-3.852889667250434,568.6050310356094,429.922032919434,39.08045977011494,117.64705882352939,79.99999999999999,102.92275574112738,33.38473400154205,14.114114114114107,-1.9230769230769247,2021-05-27,Sungai Tengi,5.49,102.33,458.78,1.21,0.37,0.09,3.8,19.44,0.51,25.950000000000003
239,-6.304728546409813,27.0173146030709,31.619982673982115,-13.793103448275861,-17.64705882352941,-20.000000000000004,16.91022964509394,7.22179388332049,14.114114114114107,-1.9230769230769247,2021-05-28,Sungai Tengi,5.35,19.44,113.95,0.75,0.14,0.04,3.8,11.2,0.51,20.86
240,-3.852889667250434,-7.089186540346286,-14.328616806237354,-12.643678160919539,-17.64705882352941,0.0,-16.49269311064718,2.081727062451818,-2.1021021021021107,-1.9230769230769247,2021-05-29,Sungai Tengi,5.49,14.22,74.17,0.76,0.14,0.05,3.26,8.0,0.51,19.86
241,-2.626970227670759,-31.983012087553085,-7.594571181056875,-21.83908045977011,-64.70588235294117,-40.00000000000001,-37.36951983298539,-20.123361603700847,14.114114114114107,5.7692307692307745,2021-05-30,Sungai Tengi,5.56,10.41,80.0,0.68,0.06,0.03,3.8,6.0,0.55,15.54
242,0.0,-37.602090819993464,-13.751082876118959,-16.09195402298851,17.64705882352941,-40.00000000000001,-37.36951983298539,-22.69339501413518,14.114114114114107,5.7692307692307745,2021-05-31,Sungai Tengi,5.71,9.55,74.67,0.73,0.2,0.03,3.8,6.0,0.55,15.04
243,1.5761821366024493,173.1786997713166,226.30667051689292,14.942528735632186,235.29411764705875,120.0,31.524008350730686,28.501670521716793,0.0,7.692307692307699,2021-11-01,Sungai Tengi,5.8,41.81,282.5,1.0,0.57,0.11,3.33,12.6,0.56,25.0
244,0.7005253940455347,11.989545900032676,54.77909327172974,9.19540229885057,-17.64705882352941,0.0,46.13778705636743,33.641737342585465,0.0,7.692307692307699,2021-11-02,Sungai Tengi,5.75,17.14,134.0,0.95,0.14,0.05,3.33,14.0,0.56,26.0
245,1.9264448336252245,-36.94870957203528,-38.781403407450185,-3.448275862068969,64.70588235294117,-20.000000000000004,-16.49269311064718,2.801336417373435,0.0,-5.7692307692307745,2021-11-03,Sungai Tengi,5.82,9.65,53.0,0.84,0.28,0.04,3.33,8.0,0.49,20.0
246,-1.9264448336252245,232.8324077098987,167.15564539416695,24.13793103448277,141.17647058823525,120.0,42.693110647181626,24.235415060395805,0.0,-13.461538461538463,2021-11-04,Sungai Tengi,5.6,50.94,231.29,1.08,0.41,0.11,3.33,13.67,0.45,24.17
247,-1.4010507880910694,40.41163018621365,103.86947733179328,11.494252873563216,11.764705882352935,0.0,60.75156576200418,33.641737342585465,0.0,-11.538461538461538,2021-11-05,Sungai Tengi,5.63,21.49,176.5,0.97,0.19,0.05,3.33,15.4,0.46,26.0
248,1.2259194395796897,-7.67722966350865,2.0271440947155757,-33.333333333333336,23.52941176470587,0.0,46.13778705636743,28.501670521716793,0.0,-5.7692307692307745,2021-11-06,Sungai Tengi,5.78,14.13,88.33,0.58,0.21,0.05,3.33,14.0,0.49,25.0
249,-0.8756567425569146,-25.84122835674616,-9.569737222061777,-34.482758620689665,17.64705882352941,-20.000000000000004,22.12943632567849,23.36160370084812,0.0,-5.7692307692307745,2021-11-07,Sungai Tengi,5.66,11.35,78.29,0.57,0.2,0.04,3.33,11.7,0.49,24.0
250,2.101576182136604,-18.1313296308396,6.220040427375115,-2.2988505747126458,-5.8823529411764754,19.99999999999999,-26.931106471816285,-7.478797224363909,0.0,0.0,2021-11-08,Sungai Tengi,5.83,12.53,91.96,0.85,0.16,0.06,3.33,7.0,0.52,18.0
251,0.0,-26.494609604704344,2.3736644527866093,-20.689655172413797,-17.64705882352941,-20.000000000000004,-26.931106471816285,-7.478797224363909,0.0,0.0,2021-11-09,Sungai Tengi,5.71,11.25,88.63,0.69,0.14,0.04,3.33,7.0,0.52,18.0
252,4.378283712784588,-34.79255145377327,-4.822408316488574,-24.137931034482754,-17.64705882352941,-20.000000000000004,-26.931106471816285,-7.478797224363909,0.0,0.0,2021-11-10,Sungai Tengi,5.96,9.98,82.4,0.66,0.14,0.04,3.33,7.0,0.52,18.0
253,5.253940455341503,-23.423717739300876,0.6295119838290685,-6.896551724137924,5.8823529411764595,19.99999999999999,-26.931106471816285,-7.478797224363909,0.0,0.0,2021-11-11,Sungai Tengi,6.01,11.72,87.12,0.81,0.18,0.06,3.33,7.0,0.52,18.0
254,2.2767075306479843,-24.795818360013065,-4.7069015304649025,13.793103448275861,11.764705882352935,-40.00000000000001,-16.49269311064718,-2.3387304034952368,0.0,0.0,2021-11-12,Sungai Tengi,5.84,11.51,82.5,0.99,0.19,0.03,3.33,8.0,0.52,19.0
255,5.954465849387038,-35.119242077752375,-0.29454230436037593,4.5977011494252915,-47.05882352941177,-40.00000000000001,-37.36951983298539,-17.758930866101252,0.0,0.0,2021-11-13,Sungai Tengi,6.05,9.93,86.32,0.91,0.09,0.03,3.33,6.0,0.52,16.0
256,8.056042031523642,-32.0483502123489,6.843777071902989,8.045977011494248,-17.64705882352941,-60.0,-32.150313152400834,-7.0161912104857285,-3.3033033033032995,3.8461538461538494,2021-11-14,Sungai Tengi,6.17,10.4,92.5,0.94,0.14,0.02,3.22,6.5,0.54,18.09
257,5.4290718038528825,-46.55341391702058,-19.145249783424763,2.2988505747126458,-11.764705882352951,-40.00000000000001,-37.36951983298539,-17.758930866101252,0.0,0.0,2021-11-15,Sungai Tengi,6.02,8.18,70.0,0.89,0.15,0.03,3.33,6.0,0.52,16.0
258,4.5534150612959685,-38.84351519111402,-1.8192318798729297,5.747126436781615,17.64705882352941,-40.00000000000001,-37.36951983298539,-17.758930866101252,0.0,0.0,2021-11-16,Sungai Tengi,5.97,9.36,85.0,0.92,0.2,0.03,3.33,6.0,0.52,16.0
259,7.705779334500883,-37.86344331917674,0.30609298296276616,6.896551724137938,-11.764705882352951,-20.000000000000004,-37.36951983298539,-19.814957594448725,0.0,0.0,2021-11-17,Sungai Tengi,6.15,9.51,86.84,0.93,0.15,0.04,3.33,6.0,0.52,15.6
260,4.5534150612959685,-40.542306435805294,3.9561074213110157,0.0,-11.764705882352951,-60.0,-37.36951983298539,-19.814957594448725,0.0,0.0,2021-11-18,Sungai Tengi,5.97,9.1,90.0,0.87,0.15,0.02,3.33,6.0,0.52,15.6
261,7.5306479859894875,-50.8657301535446,-6.635864857060342,3.448275862068969,-11.764705882352951,-80.0,-37.36951983298539,-19.814957594448725,0.0,0.0,2021-11-19,Sungai Tengi,6.14,7.52,80.83,0.9,0.15,0.01,3.33,6.0,0.52,15.6
262,3.6777583187390537,1214.7990852662526,486.6358648570604,-12.643678160919539,-100.0,-20.000000000000004,30.48016701461378,-6.450783860190177,0.0,0.0,2021-11-20,Sungai Tengi,5.92,201.23,507.88,0.76,0.0,0.04,3.33,12.5,0.52,18.2
263,-2.2767075306479843,19.111401502776875,15.506786023678906,-1.1494252873563229,64.70588235294117,0.0,4.384133611691022,5.885376509894645,0.0,0.0,2021-11-21,Sungai Tengi,5.58,18.23,100.0,0.86,0.28,0.05,3.33,10.0,0.52,20.6
264,0.0,229.30414897092453,197.71874097603236,80.45977011494254,141.17647058823525,280.0,47.91231732776618,11.025443330763316,0.0,0.0,2021-11-22,Sungai Tengi,5.71,50.4,257.75,1.57,0.41,0.19,3.33,14.17,0.52,21.6
265,-5.604203152364278,70.859196341065,103.00317643661568,-41.37931034482759,-41.1764705882353,60.0,35.699373695198325,21.30557697250066,0.0,0.0,2021-11-23,Sungai Tengi,5.39,26.15,175.75,0.51,0.1,0.08,3.33,13.0,0.52,23.6
266,-1.0507880910682945,-7.1545246651421035,10.355183367022834,-34.482758620689665,-35.294117647058826,19.99999999999999,4.384133611691022,11.025443330763316,0.0,0.0,2021-11-24,Sungai Tengi,5.65,14.21,95.54,0.57,0.11,0.06,3.33,10.0,0.52,21.6
267,0.17513134851137982,-1.8621365566808243,-6.970834536529001,-12.643678160919539,17.64705882352941,0.0,4.384133611691022,8.866615265998465,0.0,0.0,2021-11-25,Sungai Tengi,5.72,15.02,80.54,0.76,0.2,0.05,3.33,10.0,0.52,21.18
268,-1.9264448336252245,-29.1734727213329,7.224949465781126,1.1494252873563229,-5.8823529411764754,-40.00000000000001,-11.273486430062631,-0.48830634798251793,19.219219219219223,3.8461538461538494,2021-11-26,Sungai Tengi,5.6,10.84,92.83,0.88,0.16,0.03,3.97,8.5,0.54,19.36
269,0.5253940455341549,57.07285200914733,41.495812879006664,13.793103448275861,0.0,-20.000000000000004,16.59707724425887,12.516062708815229,19.519519519519516,3.8461538461538494,2021-11-27,Sungai Tengi,5.74,24.04,122.5,0.99,0.17,0.04,3.98,11.17,0.54,21.89
270,33.09982486865148,-9.31068278340411,54.77909327172974,3.448275862068969,-17.64705882352941,-40.00000000000001,-14.405010438413369,-6.656386533024921,19.219219219219223,3.8461538461538494,2021-11-28,Sungai Tengi,7.6,13.88,134.0,0.9,0.14,0.03,3.97,8.2,0.54,18.16
271,7.880910683012263,-19.307415877164328,12.041582442968538,2.2988505747126458,0.0,-60.0,-25.887265135699376,-10.768439989719862,19.219219219219223,3.8461538461538494,2021-11-29,Sungai Tengi,6.16,12.35,97.0,0.89,0.17,0.02,3.97,7.1,0.54,17.36
272,1.5761821366024493,-34.79255145377327,5.885070747906456,0.0,-29.41176470588236,-40.00000000000001,-26.931106471816285,-10.768439989719862,19.219219219219223,0.0,2021-11-30,Sungai Tengi,5.8,9.98,91.67,0.87,0.12,0.03,3.97,7.0,0.52,17.36
273,-3.1523642732048986,-35.249918327344005,-22.610453364135132,-20.689655172413797,-29.41176470588236,79.99999999999999,-37.36951983298539,-14.417887432536622,-4.204204204204208,-3.8461538461538494,2021-10-01,Sungai Tengi,5.53,9.91,67.0,0.69,0.12,0.09,3.19,6.0,0.5,16.65
274,-1.5761821366024493,-30.349558967657625,-19.145249783424763,-16.09195402298851,-35.294117647058826,-40.00000000000001,-37.36951983298539,-14.417887432536622,-4.204204204204208,-3.8461538461538494,2021-10-02,Sungai Tengi,5.62,10.66,70.0,0.73,0.11,0.03,3.19,6.0,0.5,16.65
275,-0.8756567425569146,-46.48807579222476,-12.827028587929531,-12.643678160919539,-11.764705882352951,-40.00000000000001,-47.80793319415449,-8.50681058853764,-4.204204204204208,-3.8461538461538494,2021-10-03,Sungai Tengi,5.66,8.19,75.47,0.76,0.15,0.03,3.19,5.0,0.5,17.8
276,-0.7005253940455347,189.18654034629205,141.94051400519785,47.1264367816092,123.52941176470587,300.00000000000006,21.81628392484342,13.595476741197654,9.909909909909912,-3.8461538461538494,2021-10-04,Sungai Tengi,5.67,44.26,209.46,1.28,0.38,0.2,3.66,11.67,0.5,22.1
277,-1.0507880910682945,-4.606337798105195,70.09529309846954,9.19540229885057,-11.764705882352951,0.0,25.260960334029225,30.50629658185558,0.6006006006006012,-3.8461538461538494,2021-10-05,Sungai Tengi,5.65,14.6,147.26,0.95,0.15,0.05,3.35,12.0,0.5,25.39
278,-2.802101576182139,-27.67069585102907,-8.276061218596585,-2.2988505747126458,17.64705882352941,-20.000000000000004,-37.36951983298539,-2.3387304034952368,0.0,0.0,2021-10-06,Sungai Tengi,5.55,11.07,79.41,0.85,0.2,0.04,3.33,6.0,0.52,19.0
279,-3.5026269702276736,-40.150277687030375,1.923187987294261,-4.5977011494252915,-23.529411764705884,0.0,-37.36951983298539,-2.3387304034952368,0.0,0.0,2021-10-07,Sungai Tengi,5.51,9.16,88.24,0.83,0.13,0.05,3.33,6.0,0.52,19.0
280,-2.626970227670759,-47.27213328977458,7.652324574068745,2.2988505747126458,-11.764705882352951,-40.00000000000001,-37.36951983298539,-2.3387304034952368,0.0,0.0,2021-10-08,Sungai Tengi,5.56,8.07,93.2,0.89,0.15,0.03,3.33,6.0,0.52,19.0
281,1.0507880910682945,-42.894478928454745,5.399942246607002,-14.942528735632186,-23.529411764705884,-40.00000000000001,-37.36951983298539,-2.3387304034952368,0.0,0.0,2021-10-09,Sungai Tengi,5.77,8.74,91.25,0.74,0.13,0.03,3.33,6.0,0.52,19.0
282,0.0,-43.35184580202548,-7.594571181056875,1.1494252873563229,-29.41176470588236,-60.0,-37.36951983298539,-2.3387304034952368,0.0,0.0,2021-10-10,Sungai Tengi,5.71,8.67,80.0,0.88,0.12,0.02,3.33,6.0,0.52,19.0
283,2.802101576182139,-28.912120222149618,-19.029742997401094,3.448275862068969,-11.764705882352951,19.99999999999999,-21.18997912317328,1.8761243896170752,0.0,0.0,2021-10-11,Sungai Tengi,5.87,10.88,70.1,0.9,0.15,0.06,3.33,7.55,0.52,19.82
284,2.977232924693519,-27.27866710225416,-14.652035807103655,-9.19540229885057,-23.529411764705884,19.99999999999999,-37.36951983298539,-2.3387304034952368,0.0,0.0,2021-10-12,Sungai Tengi,5.88,11.13,73.89,0.79,0.13,0.06,3.33,6.0,0.52,19.0
285,0.5253940455341549,-44.658608297941846,-30.580421599768975,-8.045977011494248,-29.41176470588236,-20.000000000000004,-37.36951983298539,-2.3387304034952368,0.0,0.0,2021-10-13,Sungai Tengi,5.74,8.47,60.1,0.8,0.12,0.04,3.33,6.0,0.52,19.0
286,0.3502626970227752,-47.533485788957854,-30.083742419867153,-6.896551724137924,-17.64705882352941,-60.0,-37.36951983298539,-2.3387304034952368,33.33333333333334,0.0,2021-10-14,Sungai Tengi,5.73,8.03,60.53,0.81,0.14,0.02,4.44,6.0,0.52,19.0
287,2.626970227670759,-36.49134269846455,-21.10886514582731,21.839080459770123,-35.294117647058826,0.0,-37.36951983298539,-2.3387304034952368,33.33333333333334,0.0,2021-10-15,Sungai Tengi,5.86,9.72,68.3,1.06,0.11,0.05,4.44,6.0,0.52,19.0
288,7.705779334500883,-49.88565828160731,-4.845509673693322,-5.747126436781615,-17.64705882352941,-40.00000000000001,-37.36951983298539,-2.3387304034952368,0.0,0.0,2021-10-16,Sungai Tengi,6.15,7.67,82.38,0.82,0.14,0.03,3.33,6.0,0.52,19.0
289,4.378283712784588,1380.3658934988566,730.4937915102513,90.80459770114942,976.4705882352941,520.0,69.10229645093945,28.501670521716793,0.0,0.0,2021-10-17,Sungai Tengi,5.96,226.57,719.0,1.66,1.83,0.31,3.33,16.2,0.52,25.0
290,-5.253940455341503,110.97680496569748,121.77302916546351,-14.942528735632186,100.0,60.0,56.57620041753654,38.26779748136726,0.0,0.0,2021-10-18,Sungai Tengi,5.41,32.29,192.0,0.74,0.34,0.08,3.33,15.0,0.52,26.9
291,0.7005253940455347,1052.0418163998693,823.1417845798442,31.03448275862068,817.6470588235294,-20.000000000000004,121.81628392484343,56.772038036494486,3.003003003003006,15.384615384615378,2021-10-19,Sungai Tengi,5.75,176.32,799.21,1.14,1.56,0.04,3.43,21.25,0.6,30.5
292,-8.756567425569177,599.9019928128063,555.697372220618,2.2988505747126458,129.41176470588235,300.00000000000006,111.06471816283923,19.30095091236186,170.27027027027026,0.0,2021-10-20,Sungai Tengi,5.21,107.12,567.67,0.89,0.39,0.2,9.0,20.22,0.52,23.209999999999997
293,-14.360770577933454,152.85854295981707,429.40225238232756,-51.724137931034484,52.941176470588225,160.0,69.31106471816283,43.35646363402726,16.51651651651651,0.0,2021-10-21,Sungai Tengi,4.89,38.7,458.33,0.42,0.26,0.13,3.88,16.22,0.52,27.89
294,-12.959719789842387,36.491342698464564,32.53248628356917,-44.827586206896555,76.4705882352941,60.0,25.260960334029225,42.328450269853505,-5.105105105105103,3.8461538461538494,2021-10-22,Sungai Tengi,4.97,20.89,114.74,0.48,0.3,0.08,3.16,12.0,0.54,27.689999999999998
295,-12.43432574430823,117.96798431885006,183.32659543748198,-18.390804597701152,58.82352941176471,120.0,44.88517745302715,51.477769210999746,-5.105105105105103,3.8461538461538494,2021-10-23,Sungai Tengi,5.0,33.36,245.29,0.71,0.27,0.11,3.16,13.88,0.54,29.47
296,-5.078809106830123,183.1754328650768,293.18509962460297,-16.09195402298851,-5.8823529411764754,0.0,33.61169102296452,46.38910305833978,-3.003003003003006,5.7692307692307745,2021-10-24,Sungai Tengi,5.42,43.34,340.4,0.73,0.16,0.05,3.23,12.8,0.55,28.48
297,-8.056042031523642,49.68964390721987,33.375685821542035,-13.793103448275861,-35.294117647058826,40.00000000000001,36.74321503131524,30.403495245438204,-5.105105105105103,3.8461538461538494,2021-10-25,Sungai Tengi,5.25,22.91,115.47,0.75,0.11,0.07,3.16,13.1,0.54,25.37
298,-4.728546409807348,-2.7768703038222733,20.7969968235634,-27.586206896551722,-5.8823529411764754,19.99999999999999,14.822546972860124,25.777435106656394,-5.105105105105103,3.8461538461538494,2021-10-26,Sungai Tengi,5.44,14.88,104.58,0.63,0.16,0.06,3.16,11.0,0.54,24.47
299,-2.451838879159364,-9.245344658608293,8.645682933872383,0.0,-29.41176470588236,0.0,4.384133611691022,23.36160370084812,0.0,7.692307692307699,2021-10-27,Sungai Tengi,5.57,13.89,94.06,0.87,0.12,0.05,3.33,10.0,0.56,24.0
300,-1.5761821366024493,-19.046063377981046,-12.59601501588217,-2.2988505747126458,-52.94117647058824,40.00000000000001,4.384133611691022,23.36160370084812,0.0,7.692307692307699,2021-10-28,Sungai Tengi,5.62,12.39,75.67,0.85,0.08,0.07,3.33,10.0,0.56,24.0
301,-0.17513134851137982,726.0045736687358,283.1937626335548,-12.643678160919539,-35.294117647058826,0.0,50.31315240083507,29.529683885890524,0.0,7.692307692307699,2021-10-29,Sungai Tengi,5.7,126.42,331.75,0.76,0.11,0.05,3.33,14.4,0.56,25.2
302,3.3274956217162943,10.02940215615812,35.628068149003774,-14.942528735632186,-41.1764705882353,-20.000000000000004,4.384133611691022,13.081470059110778,0.0,7.692307692307699,2021-10-30,Sungai Tengi,5.9,16.84,117.42,0.74,0.1,0.04,3.33,10.0,0.56,22.0
303,-0.5253940455341549,-15.256452139823582,-9.523534507652315,-6.896551724137924,52.941176470588225,-60.0,-16.49269311064718,2.801336417373435,0.0,7.692307692307699,2021-10-31,Sungai Tengi,5.68,12.97,78.33,0.81,0.26,0.02,3.33,8.0,0.56,20.0
304,-14.711033274956215,-17.151257758902318,-10.205024545192023,-16.09195402298851,-58.82352941176471,19.99999999999999,-11.899791231732783,-2.3387304034952368,0.0,7.692307692307699,2021-09-01,Sungai Tengi,4.87,12.68,77.74,0.73,0.07,0.06,3.33,8.44,0.56,19.0
305,-15.58669001751313,-59.62103887618425,-53.86658966214265,-31.03448275862069,-64.70588235294117,40.00000000000001,-26.931106471816285,13.081470059110778,0.0,7.692307692307699,2021-09-02,Sungai Tengi,4.82,6.18,39.94,0.6,0.06,0.07,3.33,7.0,0.56,22.0
306,-11.033274956217161,-18.5233583796145,-25.567427086341315,-42.5287356321839,-47.05882352941177,40.00000000000001,-11.899791231732783,13.081470059110778,0.0,7.692307692307699,2021-09-03,Sungai Tengi,5.08,12.47,64.44,0.5,0.09,0.07,3.33,8.44,0.56,22.0
307,-11.558669001751316,-31.721659588369818,-37.99595726248916,-36.78160919540229,-82.3529411764706,0.0,-47.80793319415449,-17.758930866101252,0.0,7.692307692307699,2021-09-04,Sungai Tengi,5.05,10.45,53.68,0.55,0.03,0.05,3.33,5.0,0.56,16.0
308,-5.4290718038528825,-64.97876510944135,-50.332082009818066,-50.57471264367817,-35.294117647058826,-40.00000000000001,-26.931106471816285,-12.61886404523258,0.0,7.692307692307699,2021-09-05,Sungai Tengi,5.4,5.36,43.0,0.43,0.11,0.03,3.33,7.0,0.56,17.0
309,-5.779334500875658,-5.455733420450827,36.70228125902398,22.988505747126446,17.64705882352941,0.0,-17.640918580375786,-8.50681058853764,0.0,7.692307692307699,2021-09-06,Sungai Tengi,5.38,14.47,118.35,1.07,0.2,0.05,3.33,7.89,0.56,17.8
310,-7.705779334500883,-24.665142110421435,28.72076234478777,-5.747126436781615,-64.70588235294117,19.99999999999999,-11.273486430062631,6.656386533024938,16.51651651651651,7.692307692307699,2021-09-07,Sungai Tengi,5.27,11.53,111.44,0.82,0.06,0.06,3.88,8.5,0.56,20.75
311,-6.479859894921193,269.35641947076124,232.6017903551834,41.37931034482759,70.58823529411762,40.00000000000001,41.962421711899786,29.529683885890524,16.51651651651651,5.7692307692307745,2021-09-08,Sungai Tengi,5.34,56.53,287.95,1.23,0.29,0.07,3.88,13.6,0.55,25.2
312,-1.7513134851138292,45.90003266906239,90.44758879584177,26.436781609195414,35.29411764705882,19.99999999999999,20.668058455114828,23.36160370084812,16.51651651651651,-3.8461538461538494,2021-09-09,Sungai Tengi,5.61,22.33,164.88,1.1,0.23,0.06,3.88,11.56,0.5,24.0
313,2.977232924693519,5.0637046716759135,34.95812879006644,27.586206896551737,35.29411764705882,19.99999999999999,-16.49269311064718,4.189154459007974,0.0,-3.8461538461538494,2021-09-10,Sungai Tengi,5.88,16.08,116.84,1.11,0.23,0.06,3.33,8.0,0.5,20.27
314,-0.7005253940455347,-3.168899052597187,-6.61276349985561,6.896551724137938,135.2941176470588,-60.0,-16.49269311064718,-13.646877409406311,0.0,-3.8461538461538494,2021-09-11,Sungai Tengi,5.67,14.82,80.85,0.93,0.4,0.02,3.33,8.0,0.5,16.8
315,1.4010507880910694,-24.991832734400518,-17.377995957262478,-10.344827586206893,11.764705882352935,-40.00000000000001,-16.49269311064718,-13.646877409406311,0.0,-3.8461538461538494,2021-09-12,Sungai Tengi,5.79,11.48,71.53,0.78,0.19,0.03,3.33,8.0,0.5,16.8
316,-0.35026269702275964,354.3613198301209,422.63355472134,-52.87356321839081,23.52941176470587,40.00000000000001,82.67223382045928,16.57671549730147,0.0,-3.8461538461538494,2021-09-13,Sungai Tengi,5.69,69.54,452.47,0.41,0.21,0.07,3.33,17.5,0.5,22.68
317,1.5761821366024493,-18.196667755635413,-8.19520646838,-3.448275862068969,-11.764705882352951,-20.000000000000004,-25.99164926931107,-4.291955795425327,0.0,-3.8461538461538494,2021-09-14,Sungai Tengi,5.8,12.52,79.48,0.84,0.15,0.04,3.33,7.09,0.5,18.62
318,2.101576182136604,7.546553413917029,-14.12070459139474,-1.1494252873563229,-23.529411764705884,0.0,-23.486430062630482,-8.50681058853764,0.0,-3.8461538461538494,2021-09-15,Sungai Tengi,5.83,16.46,74.35,0.86,0.13,0.05,3.33,7.33,0.5,17.8
319,2.2767075306479843,-23.489055864096695,-26.202714409471543,14.942528735632186,0.0,-20.000000000000004,-37.36951983298539,-18.786944230274983,0.0,-3.8461538461538494,2021-09-16,Sungai Tengi,5.84,11.71,63.89,1.0,0.17,0.04,3.33,6.0,0.5,15.8
320,0.5253940455341549,813.1656321463573,682.5238232746175,-1.1494252873563229,-23.529411764705884,-20.000000000000004,76.30480167014613,16.42251349267541,0.0,3.8461538461538494,2021-09-17,Sungai Tengi,5.74,139.76,677.47,0.86,0.13,0.04,3.33,16.89,0.54,22.65
321,-6.479859894921193,703.1362299901994,705.3248628356916,1.1494252873563229,-17.64705882352941,0.0,134.86430062630478,61.91210485736316,0.0,21.15384615384615,2021-09-18,Sungai Tengi,5.34,122.92,697.21,0.88,0.14,0.05,3.33,22.5,0.63,31.5
322,-7.005253940455347,248.57889578569097,311.04244874386376,-29.88505747126437,-100.0,40.00000000000001,119.20668058455115,54.20200462606015,16.51651651651651,7.692307692307699,2021-09-19,Sungai Tengi,5.31,53.35,355.86,0.61,0.0,0.07,3.88,21.0,0.56,30.0
323,-11.033274956217161,75.36752695197649,81.47271152180194,-6.896551724137924,100.0,60.0,39.144050104384135,39.501413518375756,14.414414414414415,5.7692307692307745,2021-09-20,Sungai Tengi,5.08,26.84,157.11,0.81,0.34,0.08,3.81,13.33,0.55,27.14
324,-5.954465849387038,18.45802025481868,25.128501299451354,-39.08045977011494,29.411764705882344,19.99999999999999,4.384133611691022,0.7453096890259735,16.51651651651651,7.692307692307699,2021-09-21,Sungai Tengi,5.37,18.13,108.33,0.53,0.22,0.06,3.88,10.0,0.56,19.6
325,-7.705779334500883,-17.543286507677234,-13.18509962460294,-25.287356321839077,-100.0,-20.000000000000004,-1.8789144050104356,-0.9509123618606977,11.711711711711716,1.9230769230769247,2021-09-22,Sungai Tengi,5.27,12.62,75.16,0.65,0.0,0.04,3.72,9.4,0.53,19.27
326,-7.880910683012263,-9.702711532179023,8.25295986139187,-19.540229885057474,-5.8823529411764754,-20.000000000000004,-26.931106471816285,10.871241326137252,11.711711711711716,1.9230769230769247,2021-09-23,Sungai Tengi,5.26,13.82,93.72,0.7,0.16,0.04,3.72,7.0,0.53,21.57
327,-1.7513134851138292,-32.375040836328,-27.808258735200685,-18.390804597701152,-17.64705882352941,-40.00000000000001,-31.106471816283932,-11.333847340015414,-4.204204204204208,1.9230769230769247,2021-09-24,Sungai Tengi,5.61,10.35,62.5,0.71,0.14,0.03,3.19,6.6,0.53,17.25
328,1.7513134851138292,-30.610911466840907,-22.99162575801327,-54.02298850574713,0.0,60.0,-37.36951983298539,-14.417887432536622,-4.204204204204208,1.9230769230769247,2021-09-25,Sungai Tengi,5.81,10.62,66.67,0.4,0.17,0.08,3.19,6.0,0.53,16.65
329,-0.17513134851137982,1075.0408363279973,809.3387236500146,-36.78160919540229,558.8235294117646,160.0,76.30480167014613,16.987920842970958,-4.204204204204208,15.384615384615378,2021-09-26,Sungai Tengi,5.7,179.84,787.26,0.55,1.12,0.13,3.19,16.89,0.6,22.759999999999998
330,-7.5306479859894875,109.53936622018949,127.47906439503322,-54.02298850574713,0.0,19.99999999999999,25.260960334029225,16.42251349267541,-4.204204204204208,-3.8461538461538494,2021-09-27,Sungai Tengi,5.28,32.07,196.94,0.4,0.17,0.06,3.19,12.0,0.5,22.65
331,-8.406304728546402,7.1545246651421035,16.407738954663603,-37.93103448275862,-23.529411764705884,40.00000000000001,-0.2087682672233776,11.282446671806735,-4.204204204204208,-3.8461538461538494,2021-09-28,Sungai Tengi,5.23,16.4,100.78,0.54,0.13,0.07,3.19,9.56,0.5,21.65
332,-6.129597197898418,13.622999019928134,60.750794109153915,-42.5287356321839,-11.764705882352951,79.99999999999999,-16.49269311064718,11.282446671806735,-4.204204204204208,-3.8461538461538494,2021-09-29,Sungai Tengi,5.36,17.39,139.17,0.5,0.15,0.09,3.19,8.0,0.5,21.65
333,-5.4290718038528825,-20.418163998693238,-15.552988738088352,-36.78160919540229,-29.41176470588236,0.0,-26.931106471816285,-14.417887432536622,-4.204204204204208,-3.8461538461538494,2021-09-30,Sungai Tengi,5.4,12.18,73.11,0.55,0.12,0.05,3.19,7.0,0.5,16.65
